<?xml version="1.0" encoding="utf-8" ?>
<Defs>

  <ThingDef ParentName="BaseBullet">
    <defName>Bullet_Willow</defName>
    <label>willow lash</label>
    <graphicData>
      <texPath>Things/Projectile/WillowBullet</texPath>
      <graphicClass>Graphic_Single</graphicClass>
    </graphicData>
    <projectile>
      <damageDef>Cut</damageDef>
      <damageAmountBase>15</damageAmountBase>
      <speed>100</speed>
    </projectile>
  </ThingDef>
  
  <ThingDef ParentName="BaseGunWithQuality">
    <defName>Gun_WillowWhip</defName>
    <label>willow whip</label>
    <description>The branch of a willow dryad.</description>
    <graphicData>
      <texPath>Things/Pawn/Animal/WillowAspect/WillowBranch</texPath>
      <graphicClass>Graphic_Single</graphicClass>
    </graphicData>
    <statBases>
      <MarketValue>100</MarketValue>
      <Mass>5</Mass>
      <AccuracyTouch>0.9</AccuracyTouch>
      <AccuracyShort>0.75</AccuracyShort>
      <AccuracyMedium>0.5</AccuracyMedium>
      <AccuracyLong>0.5</AccuracyLong>
      <RangedWeapon_Cooldown>2</RangedWeapon_Cooldown>
    </statBases>
    <techLevel>Neolithic</techLevel>
    <menuHidden>True</menuHidden>
    <destroyOnDrop>true</destroyOnDrop>
    <tradeability>None</tradeability>
    <weaponTags>
      <li>DryadWillow</li>
    </weaponTags>
    <verbs>
      <li>
        <verbClass>Verb_Shoot</verbClass>
        <hasStandardCommand>true</hasStandardCommand>
        <defaultProjectile>Bullet_Willow</defaultProjectile>
        <warmupTime>1.25</warmupTime>
        <range>10</range>
        <ticksBetweenBurstShots>5</ticksBetweenBurstShots>
        <burstShotCount>2</burstShotCount>
        <soundCast>Interact_BeatFire</soundCast>
        <muzzleFlashScale>0.5</muzzleFlashScale>
      </li>
    </verbs>
    <tools>
      <li>
        <label>branch</label>
        <capacities>
          <li>Cut</li>
        </capacities>
        <power>10</power>
        <cooldownTime>2</cooldownTime>
      </li>
    </tools>
  </ThingDef>


</Defs>