<?xml version="1.0" encoding="utf-8" ?>

<Defs>
  
<ThingDef ParentName="DryadAnimalThingBase">
    <defName>DryadOakAspect</defName>
    <label>oak dryad</label>
    <description>The oak dryad is a shapeshifted dryad. Taking on the aspect of oak makes them a large and hardy foe.</description>
    <statBases>
      <PainShockThreshold>2.5</PainShockThreshold>
      <MoveSpeed>3.3</MoveSpeed>
      <ComfyTemperatureMin>-60</ComfyTemperatureMin>
      <ComfyTemperatureMax>60</ComfyTemperatureMax>
      <MarketValue>2000</MarketValue>
      <LeatherAmount>0</LeatherAmount>
      <MeatAmount>0</MeatAmount>
      <ArmorRating_Blunt>0.50</ArmorRating_Blunt>
      <ArmorRating_Sharp>0.45</ArmorRating_Sharp>
    </statBases>
  <tools>
    <li>
      <label>left branch</label>
      <capacities>
        <li>Blunt</li>
      </capacities>
      <power>14</power>
      <cooldownTime>1.8</cooldownTime>
      <linkedBodyPartsGroup>DryadLeftBranchG</linkedBodyPartsGroup>
      <surpriseAttack>
        <extraMeleeDamages>
          <li>
            <def>Stun</def>
            <amount>5</amount>
          </li>
        </extraMeleeDamages>
      </surpriseAttack>
    </li>
    <li>
      <label>right branch</label>
      <capacities>
        <li>Blunt</li>
      </capacities>
      <power>14</power>
      <cooldownTime>1.8</cooldownTime>
      <linkedBodyPartsGroup>DryadRightBranchG</linkedBodyPartsGroup>
      <surpriseAttack>
        <extraMeleeDamages>
          <li>
            <def>Stun</def>
            <amount>5</amount>
          </li>
        </extraMeleeDamages>
      </surpriseAttack>
    </li>
    <li>
      <label>left branch</label>
      <capacities>
        <li>Cut</li>
        <li>Stab</li>
      </capacities>
      <power>21</power>
      <cooldownTime>2</cooldownTime>
      <linkedBodyPartsGroup>DryadLeftBranchG</linkedBodyPartsGroup>
      <surpriseAttack>
        <extraMeleeDamages>
          <li>
            <def>Stun</def>
            <amount>5</amount>
          </li>
        </extraMeleeDamages>
      </surpriseAttack>
    </li>
    <li>
      <label>right branch</label>
      <capacities>
        <li>Cut</li>
        <li>Stab</li>
      </capacities>
      <power>21</power>
      <cooldownTime>2</cooldownTime>
      <linkedBodyPartsGroup>DryadRightBranchG</linkedBodyPartsGroup>
      <surpriseAttack>
        <extraMeleeDamages>
          <li>
            <def>Stun</def>
            <amount>5</amount>
          </li>
        </extraMeleeDamages>
      </surpriseAttack>
    </li>
    <li>
      <label>teeth</label>
      <capacities>
        <li>Bite</li>
      </capacities>
      <power>18.0</power>
      <cooldownTime>2</cooldownTime>
      <linkedBodyPartsGroup>Teeth</linkedBodyPartsGroup>
    </li>
  </tools>
    <race>
      <useMeatFrom>Alien_Dryad</useMeatFrom>
      <needsRest>false</needsRest>
      <intelligence>ToolUser</intelligence>
      <thinkTreeMain>Mechanoid</thinkTreeMain>
      <body>WarhDryad</body>
      <trainability>Advanced</trainability>
      <predator>true</predator>
      <packAnimal>false</packAnimal>
      <baseHungerRate>0.0</baseHungerRate>
      <lifeExpectancy>1000</lifeExpectancy>
      <baseBodySize>3</baseBodySize>
      <bloodDef>DryadChlorophyll</bloodDef>
      <makesFootprints>false</makesFootprints>
      <baseHealthScale>3</baseHealthScale>
      <gestationPeriodDays>32</gestationPeriodDays>
      <wildness>0.95</wildness>
      <foodType>CarnivoreAnimal</foodType>
      <manhunterOnDamageChance>1</manhunterOnDamageChance>
      <manhunterOnTameFailChance>1</manhunterOnTameFailChance>
      <herdAnimal>false</herdAnimal>
      <nameOnTameChance>0.1</nameOnTameChance>
      <nameOnNuzzleChance>0.1</nameOnNuzzleChance>
      <herdMigrationAllowed>false</herdMigrationAllowed>
      <lifeStageAges>
        <li>
          <def>AnimalBaby</def>
          <minAge>0</minAge>
        </li>
        <li>
          <def>AnimalJuvenile</def>
          <minAge>0.01</minAge>
        </li>
        <li>
          <def>AnimalAdult</def>
          <minAge>0.2</minAge>
          <soundWounded>Pawn_BigInsect_Pain</soundWounded>
          <soundDeath>Pawn_BigInsect_Death</soundDeath>
          <soundCall>Pawn_BigInsect_Call</soundCall>
          <soundAngry>Pawn_BigInsect_Angry</soundAngry>
        </li>
      </lifeStageAges>
      <soundMeleeHitPawn>Pawn_Melee_BigBash_HitPawn</soundMeleeHitPawn>
      <soundMeleeHitBuilding>Pawn_Melee_BigBash_HitBuilding</soundMeleeHitBuilding>
      <soundMeleeMiss>Pawn_Melee_BigBash_Miss</soundMeleeMiss>
    </race>
    <tradeTags>
      <li>Dryad_Reliq</li>
    </tradeTags>
  </ThingDef>
  
</Defs>