﻿<?xml version="1.0" encoding="utf-8" ?>
<Defs>

  <ThingDef Name="PlantBaseDryad" Abstract="True">
    <category>Plant</category>
    <thingClass>Plant</thingClass>
    <altitudeLayer>LowPlant</altitudeLayer>
    <useHitPoints>True</useHitPoints>
    <statBases>
      <Flammability>0.7</Flammability>
    </statBases>
    <tickerType>Long</tickerType>
    <selectable>False</selectable>
    <neverMultiSelect>True</neverMultiSelect>
    <drawerType>MapMeshOnly</drawerType>
    <pathCostIgnoreRepeat>false</pathCostIgnoreRepeat>
    <graphicData>
      <graphicClass>Graphic_Random</graphicClass>
      <shaderType>CutoutPlant</shaderType>
    </graphicData>
    <plant>
      <fertilityMin>0.5</fertilityMin>
      <fertilitySensitivity>1.0</fertilitySensitivity>
      <soundHarvesting>Harvest_Standard</soundHarvesting>
      <soundHarvestFinish>Harvest_Standard_Finish</soundHarvestFinish>
      <sowWork>170</sowWork>
      <harvestWork>250</harvestWork>
      <visualSizeRange>
        <min>0.3</min>
        <max>1.00</max>
      </visualSizeRange>
      <topWindExposure>0.1</topWindExposure>
    </plant>
  </ThingDef>

  <ThingDef ParentName="PlantBase">
    <defName>Dryad_Hibiscus</defName>
    <label>dryad hibiscus</label>
    <description>A beautiful flower grown by dryads. This flower persist through the winter.</description>
    <statBases>
      <MaxHitPoints>85</MaxHitPoints>
      <Beauty>15</Beauty>
      <Nutrition>0.05</Nutrition>
    </statBases>
    <graphicData>
      <texPath>Things/Plant/DryadHibiscus</texPath>
      <graphicClass>Graphic_Random</graphicClass>
    </graphicData>
    <altitudeLayer>Item</altitudeLayer>
    <selectable>true</selectable>
    <ingestible />
    <plant>
			<dieIfLeafless>false</dieIfLeafless>
			<harvestTag>Standard</harvestTag>
			<sowWork>1000</sowWork>
			<sowTags>
				<li>Ground</li>
				<li>Decorative</li>
			</sowTags>
			<growMinGlow>0.3</growMinGlow>
			<topWindExposure>0.1</topWindExposure>
			<growDays>3</growDays>
			<lifespanDaysPerGrowDays>5</lifespanDaysPerGrowDays>
			<visualSizeRange>
        <min>0.3</min>
        <max>1.05</max>
      </visualSizeRange>
      <wildOrder>2</wildOrder>
      <purpose>Beauty</purpose>
      <sowResearchPrerequisites>
        		<li>DryadCreation</li>
      </sowResearchPrerequisites>
    </plant>
  </ThingDef>

  <ThingDef ParentName="PlantBase">
    <defName>Dryad_GlowBulbPlant</defName>
    <label>light bud</label>
    <description>A glowing flower grown by dryads. This flower persist through the winter.</description>
    <statBases>
      <MaxHitPoints>85</MaxHitPoints>
      <Beauty>10</Beauty>
      <Nutrition>0.05</Nutrition>
    </statBases>
    <graphicData>
      <texPath>Things/Plant/DryadLightBud/DryadLightBud</texPath>
      <graphicClass>Graphic_Single</graphicClass>
    </graphicData>
    <altitudeLayer>Item</altitudeLayer>
    <selectable>true</selectable>
    <ingestible />
    <comps>
      <li Class="CompProperties_Glower">
        <glowRadius>7</glowRadius>
        <glowColor>(113,141,117,0)</glowColor>
      </li>
    </comps>
    <plant>
      <fertilitySensitivity>0.4</fertilitySensitivity>
      <dieIfLeafless>false</dieIfLeafless>
      <harvestTag>Standard</harvestTag>
      <sowWork>3000</sowWork>
      <sowTags>
        <li>Ground</li>
        <li>Decorative</li>
      </sowTags>
      <growMinGlow>0.3</growMinGlow>
      <topWindExposure>0.1</topWindExposure>
      <growDays>5</growDays>
      <lifespanDaysPerGrowDays>6</lifespanDaysPerGrowDays>
      <visualSizeRange>
        <min>0.3</min>
        <max>1.05</max>
      </visualSizeRange>
      <wildOrder>2</wildOrder>
      <purpose>Beauty</purpose>
      <sowResearchPrerequisites>
        		<li>DryadCreation</li>
      </sowResearchPrerequisites>
    </plant>
  </ThingDef>

  <ThingDef ParentName="PlantBaseDryad">
    <defName>Dryad_TangleVine</defName>
    <label>tangle vine</label>
    <description>A thorny vine, that tends to get stuck on anything and everything that moves through it.</description>
    <statBases>
      <MaxHitPoints>25</MaxHitPoints>
      <Beauty>-2</Beauty>
    </statBases>
    <graphicData>
      <texPath>Things/Plant/DryadTangleVine</texPath>
      <graphicClass>Graphic_Random</graphicClass>
    </graphicData>
    <pathCost>60</pathCost>
    <altitudeLayer>Item</altitudeLayer>
    <selectable>true</selectable>
    <plant>
      <fertilitySensitivity>0.1</fertilitySensitivity>
      <dieIfLeafless>false</dieIfLeafless>
      <harvestTag>Standard</harvestTag>
      <sowWork>1000</sowWork>
      <sowTags>
        <li>Ground</li>
      </sowTags>
      <growMinGlow>0.3</growMinGlow>
      <topWindExposure>0.1</topWindExposure>
      <growDays>0.1</growDays>
      <lifespanDaysPerGrowDays>300</lifespanDaysPerGrowDays>
      <visualSizeRange>
        <min>0.3</min>
        <max>1.05</max>
      </visualSizeRange>
      <wildOrder>2</wildOrder>
      <purpose>Beauty</purpose>
      <sowResearchPrerequisites>
        		<li>DryadCreation</li>
      </sowResearchPrerequisites>
    </plant>
  </ThingDef>

  <ThingDef ParentName="PlantBaseDryad">
    <defName>Dryad_GlowOrb</defName>
    <label>glow orb</label>
    <description>A glowing orb, left behind by a dryad.</description>
    <statBases>
      <MaxHitPoints>25</MaxHitPoints>
      <Beauty>10</Beauty>
    </statBases>
    <graphicData>
      <texPath>Things/Plant/DryadGlowOrb/GlowOrb</texPath>
      <graphicClass>Graphic_Single</graphicClass>
    </graphicData>
    <altitudeLayer>Item</altitudeLayer>
    <selectable>true</selectable>
    <comps>
      <li Class="CompProperties_Glower">
        <glowRadius>10</glowRadius>
        <glowColor>(113,141,117,0)</glowColor>
      </li>
    </comps>
    <plant>
      <fertilitySensitivity>0.1</fertilitySensitivity>
      <dieIfLeafless>false</dieIfLeafless>
      <harvestTag>Standard</harvestTag>
      <sowWork>3000</sowWork>
      <sowTags>
        <li>DryadLamp</li>
      </sowTags>
      <growMinGlow>0</growMinGlow>
      <topWindExposure>0.1</topWindExposure>
      <growDays>1</growDays>
      <lifespanDaysPerGrowDays>10</lifespanDaysPerGrowDays>
      <visualSizeRange>
        <min>0.3</min>
        <max>1.05</max>
      </visualSizeRange>
      <wildOrder>2</wildOrder>
      <purpose>Beauty</purpose>
      <sowResearchPrerequisites>
        <li>DryadCreation</li>
      </sowResearchPrerequisites>
    </plant>
  </ThingDef>
  
</Defs>
