<?xml version="1.0" encoding="utf-8" ?>
<Defs>
  
  <PawnKindDef Name="KTDryadBase" Abstract="True">
    <label>dryadic</label>
    <combatPower>40</combatPower>
    <baseRecruitDifficulty>1</baseRecruitDifficulty>
    <isFighter>false</isFighter>
    <apparelIgnoreSeasons>true</apparelIgnoreSeasons>
    <forceNormalGearQuality>true</forceNormalGearQuality>
    <chemicalAddictionChance>0.10</chemicalAddictionChance>
    <apparelAllowHeadgearChance>0</apparelAllowHeadgearChance>
  </PawnKindDef>

	<PawnKindDef ParentName="KTDryadBase">
		<defName>DryadGood</defName>
		<label>dryad</label>
		<race>Alien_Dryad</race>
		<defaultFactionType>KTWildDryad</defaultFactionType>
    <backstoryFiltersOverride>
      <li>
        <categories>
          <li>KTDryadGood</li>
        </categories>
      </li>
    </backstoryFiltersOverride>
		<chemicalAddictionChance>0.00</chemicalAddictionChance>
		<apparelTags>
      <li>Dryadic</li>
		</apparelTags>
		<apparelMoney>
			<min>0</min>
			<max>0</max>
		</apparelMoney>
		<weaponTags>
      <li>NeolithicRangedHeavy</li>
      <li>NeolithicRangedDecent</li>
    </weaponTags>
		<weaponMoney>
			<min>0</min>
			<max>0</max>
		</weaponMoney>
		<backstoryCryptosleepCommonality>0</backstoryCryptosleepCommonality>
    <initialWillRange>3~5</initialWillRange>
    <initialResistanceRange>19~30</initialResistanceRange>
	</PawnKindDef>

	<PawnKindDef ParentName="KTDryadBase">
		<defName>DryadBad</defName>
		<label>dryad</label>
		<race>Alien_Dryad</race>
		<defaultFactionType>KTWildDryad</defaultFactionType>
    <backstoryFiltersOverride>
      <li>
        <categories>
          <li>KTDryadBad</li>
        </categories>
      </li>
    </backstoryFiltersOverride>
		<chemicalAddictionChance>0.00</chemicalAddictionChance>
		<apparelTags>
      <li>Dryadic</li>
		</apparelTags>
		<apparelMoney>
			<min>0</min>
			<max>0</max>
		</apparelMoney>
		<weaponTags>
      <li>NeolithicRangedHeavy</li>
      <li>NeolithicRangedDecent</li>
		</weaponTags>
		<weaponMoney>
			<min>0</min>
			<max>0</max>
		</weaponMoney>
		<backstoryCryptosleepCommonality>0</backstoryCryptosleepCommonality>
    <initialWillRange>3~5</initialWillRange>
    <initialResistanceRange>19~30</initialResistanceRange>
	</PawnKindDef>

  <PawnKindDef ParentName="KTDryadBase">
    <defName>WildDryadGood</defName>
    <label>wild dryad</label>
    <race>Alien_DryadWild</race>
    <defaultFactionType>KTWildDryad</defaultFactionType>
    <backstoryFiltersOverride>
      <li>
        <categories>
          <li>KTDryadWildSpawn</li>
        </categories>
      </li>
    </backstoryFiltersOverride>
    <chemicalAddictionChance>0.00</chemicalAddictionChance>
    <apparelTags>
      <li>Dryadic</li>
    </apparelTags>
    <apparelMoney>
      <min>0</min>
      <max>0</max>
    </apparelMoney>
    <weaponTags>
      <li>NeolithicRangedHeavy</li>
    </weaponTags>
    <weaponMoney>
      <min>0</min>
      <max>0</max>
    </weaponMoney>
    <backstoryCryptosleepCommonality>0</backstoryCryptosleepCommonality>
    <initialWillRange>3~5</initialWillRange>
    <initialResistanceRange>19~30</initialResistanceRange>
  </PawnKindDef>

  <PawnKindDef ParentName="KTDryadBase">
    <defName>WildDryadBad</defName>
    <label>wild dryad</label>
    <race>Alien_DryadWild</race>
    <defaultFactionType>KTWildDryad</defaultFactionType>
    <backstoryFiltersOverride>
      <li>
        <categories>
          <li>KTDryadWildSpawn</li>
        </categories>
      </li>
    </backstoryFiltersOverride>
    <chemicalAddictionChance>0.00</chemicalAddictionChance>
    <apparelTags>
      <li>Dryadic</li>
    </apparelTags>
    <apparelMoney>
      <min>0</min>
      <max>0</max>
    </apparelMoney>
    <weaponTags>
      <li>NeolithicRangedHeavy</li>
    </weaponTags>
    <weaponMoney>
      <min>0</min>
      <max>0</max>
    </weaponMoney>
    <backstoryCryptosleepCommonality>0</backstoryCryptosleepCommonality>
    <initialWillRange>3~5</initialWillRange>
    <initialResistanceRange>19~30</initialResistanceRange>
  </PawnKindDef>

</Defs>