<?xml version="1.0" encoding="utf-8" ?>
<Defs>

	<PawnKindDef ParentName="KTDryadBase">
		<defName>DryadPlayer</defName>
		<label>dryad</label>
		<race>Alien_Dryad</race>
		<defaultFactionType>KTDryadPlayerFaction</defaultFactionType>
    <backstoryFiltersOverride>
      <li>
        <categories>
          <li>KTDryadGood</li>
          <li>KTDryadBad</li>
        </categories>
      </li>
    </backstoryFiltersOverride>
		<chemicalAddictionChance>0.00</chemicalAddictionChance>
		<apparelMoney>
			<min>0</min>
			<max>0</max>
		</apparelMoney>
		<weaponTags>
      <li>NeolithicRangedHeavy</li>
      <li>NeolithicRangedDecent</li>
    </weaponTags>
		<weaponMoney>
			<min>100</min>
			<max>300</max>
		</weaponMoney>
    <initialWillRange>3~5</initialWillRange>
    <initialResistanceRange>19~30</initialResistanceRange>
	</PawnKindDef>

</Defs>