﻿<?xml version="1.0" encoding="utf-8" ?>
<Patch>
  <Operation Class="PatchOperationFindMod">
    <mods>
      <li>Kompadt.Warhammer.Daemonette</li>
    </mods>
    <match Class="PatchOperationSequence">
      <success>Always</success>
      <operations>
    <li Class="PatchOperationAdd">    
      <xpath>*/RecipeDef[defName="InstallDryadicHeart"]/recipeUsers</xpath>
        <value>
          <li>Alien_Daemonette</li>
          <li>Alien_Slaaneshi</li>
          <li>Alien_SlaaPrince</li>
        </value>
    </li>
    <li Class="PatchOperationAdd">
      <xpath>*/RecipeDef[defName="InstallDryadicLung"]/recipeUsers</xpath>
        <value>
          <li>Alien_Daemonette</li>
          <li>Alien_Slaaneshi</li>
          <li>Alien_SlaaPrince</li>
        </value>
    </li>
    <li Class="PatchOperationAdd">
      <xpath>*/RecipeDef[defName="InstallDryadicLiver"]/recipeUsers</xpath>
        <value>
          <li>Alien_Daemonette</li>
          <li>Alien_Slaaneshi</li>
          <li>Alien_SlaaPrince</li>
        </value>
    </li>
    <li Class="PatchOperationAdd">
      <xpath>*/RecipeDef[defName="InstallDryadicKidney"]/recipeUsers</xpath>
        <value>
          <li>Alien_Daemonette</li>
          <li>Alien_Slaaneshi</li>
          <li>Alien_SlaaPrince</li>
        </value>
    </li>
    <li Class="PatchOperationAdd">
      <xpath>*/RecipeDef[defName="InstallDryadicEye"]/recipeUsers</xpath>
        <value>
          <li>Alien_Daemonette</li>
          <li>Alien_Slaaneshi</li>
          <li>Alien_SlaaPrince</li>
        </value>
    </li>
    <li Class="PatchOperationAdd">
      <xpath>*/RecipeDef[defName="InstallDryadicNose"]/recipeUsers</xpath>
        <value>
          <li>Alien_Daemonette</li>
          <li>Alien_Slaaneshi</li>
          <li>Alien_SlaaPrince</li>
        </value>
    </li>
    <li Class="PatchOperationAdd">
      <xpath>*/RecipeDef[defName="InstallDryadicEar"]/recipeUsers</xpath>
        <value>
          <li>Alien_Daemonette</li>
          <li>Alien_Slaaneshi</li>
          <li>Alien_SlaaPrince</li>
        </value>
    </li>
    <li Class="PatchOperationAdd">
      <xpath>*/RecipeDef[defName="InstallDryadicHand"]/recipeUsers</xpath>
        <value>
          <li>Alien_Daemonette</li>
          <li>Alien_Slaaneshi</li>
          <li>Alien_SlaaPrince</li>
        </value>
    </li>
    <li Class="PatchOperationAdd">
      <xpath>*/RecipeDef[defName="InstallDryadicFoot"]/recipeUsers</xpath>
        <value>
          <li>Alien_Daemonette</li>
          <li>Alien_Slaaneshi</li>
        </value>
    </li>
    <li Class="PatchOperationAdd">
      <xpath>*/RecipeDef[defName="InstallDryadLeg"]/recipeUsers</xpath>
        <value>
          <li>Alien_Daemonette</li>
          <li>Alien_Slaaneshi</li>
        </value>
    </li>
    <li Class="PatchOperationAdd">
      <xpath>*/RecipeDef[defName="InstallDryadArm"]/recipeUsers</xpath>
        <value>
          <li>Alien_Daemonette</li>
          <li>Alien_Slaaneshi</li>
          <li>Alien_SlaaPrince</li>
        </value>
    </li>
    <li Class="PatchOperationAdd">
      <xpath>*/RecipeDef[defName="InstallDryadSeed"]/recipeUsers</xpath>
        <value>
          <li>Alien_Daemonette</li>
          <li>Alien_Slaaneshi</li>
          <li>Alien_SlaaPrince</li>
        </value>
    </li>
      </operations>
    </match>
  </Operation>
</Patch>
