﻿<?xml version="1.0" encoding="utf-8"?>
<Defs>
  
  <HairDef>
    <defName>DryadAverage</defName>
    <label>average</label>
    <hairGender>Any</hairGender>
    <texPath>Things/Dryad/DryadHair/AverageHair</texPath>
		<hairTags>
			<li>Dryad</li>
		</hairTags>
  </HairDef>

  <HairDef>
    <defName>DryadAverageFlower</defName>
    <label>average flower</label>
    <hairGender>Any</hairGender>
    <texPath>Things/Dryad/DryadHair/AverageHairFlower</texPath>
    <hairTags>
      <li>Dryad</li>
    </hairTags>
  </HairDef>
  
  <HairDef>
    <defName>DryadShort</defName>
    <label>short</label>
    <hairGender>Any</hairGender>
    <texPath>Things/Dryad/DryadHair/ShortHair</texPath>
    <hairTags>
      <li>Dryad</li>
    </hairTags>
  </HairDef>
  
  <HairDef>
    <defName>DryadShortFlower</defName>
    <label>short</label>
    <hairGender>Any</hairGender>
    <texPath>Things/Dryad/DryadHair/ShortHairFlower</texPath>
    <hairTags>
      <li>Dryad</li>
    </hairTags>
  </HairDef>

  <HairDef>
    <defName>DryadLongCurly</defName>
    <label>short</label>
    <hairGender>Any</hairGender>
    <texPath>Things/Dryad/DryadHair/LongCurlyHair</texPath>
    <hairTags>
      <li>Dryad</li>
    </hairTags>
  </HairDef>

  <HairDef>
    <defName>LongCurlyHairFlower</defName>
    <label>short</label>
    <hairGender>Any</hairGender>
    <texPath>Things/Dryad/DryadHair/LongCurlyHairFlower</texPath>
    <hairTags>
      <li>Dryad</li>
    </hairTags>
  </HairDef>
  
</Defs>
