﻿<?xml version="1.0" encoding="utf-8" ?>

<Defs>

  <FactionDef>
		<defName>KTDryadPlayerFaction</defName>
		<label>New Athel Loren</label>
    <description>A new Athel Loren.</description>
    <isPlayer>true</isPlayer>
    <backstoryFilters>
      <li>
        <categories>
          <li>KTDryadGood</li>
          <li>KTDryadBad</li>
        </categories>
      </li>
    </backstoryFilters>
    <colorSpectrum>
      <li>(0, 0.737, 0.847)</li>
    </colorSpectrum>
    <factionIconPath>Things/World/DryadIcon</factionIconPath>
    <settlementTexturePath>World/WorldObjects/Expanding/Town</settlementTexturePath>
    <playerInitialSettlementNameMaker>NamerInitialSettlementColony</playerInitialSettlementNameMaker>
    <techLevel>Neolithic</techLevel>
    <allowedCultures>
      <li>KTDryad</li>
    </allowedCultures>
    <requiredMemes>
      <li MayRequire="Ludeon.RimWorld.Ideology">Structure_TheistEmbodied</li>
      <li MayRequire="Ludeon.RimWorld.Ideology">KTDryadNaturePrimacy</li>
      <li MayRequire="Ludeon.RimWorld.Ideology">TreeConnection</li>
      <li MayRequire="Ludeon.RimWorld.Ideology">Raider</li>
    </requiredMemes>
    <disallowedMemes>
      <li MayRequire="Ludeon.RimWorld.Ideology">FleshPurity</li>
      <li MayRequire="Ludeon.RimWorld.Ideology">Tunneler</li>
      <li MayRequire="Ludeon.RimWorld.Ideology">Guilty</li>
      <li MayRequire="Ludeon.RimWorld.Ideology">HumanPrimacy</li>
      <li MayRequire="Ludeon.RimWorld.Ideology">Structure_Animist</li>
      <li MayRequire="Ludeon.RimWorld.Ideology">Structure_Ideological</li>
      <li MayRequire="Ludeon.RimWorld.Ideology">Structure_Archist</li>
      <li MayRequire="Ludeon.RimWorld.Ideology">Structure_TheistAbstract</li>
    </disallowedMemes>
    <structureMemeWeights>
      <Structure_TheistEmbodied MayRequire="Ludeon.RimWorld.Ideology">2</Structure_TheistEmbodied>
      <Structure_TheistAbstract MayRequire="Ludeon.RimWorld.Ideology">0</Structure_TheistAbstract>
      <Structure_Ideological MayRequire="Ludeon.RimWorld.Ideology">0</Structure_Ideological>
      <Structure_Archist MayRequire="Ludeon.RimWorld.Ideology">0</Structure_Archist>
      <Structure_OriginChristian MayRequire="Ludeon.RimWorld.Ideology">0</Structure_OriginChristian>
      <Structure_OriginIslamic MayRequire="Ludeon.RimWorld.Ideology">0</Structure_OriginIslamic>
      <Structure_OriginHindu MayRequire="Ludeon.RimWorld.Ideology">0</Structure_OriginHindu>
      <Structure_OriginBuddhist MayRequire="Ludeon.RimWorld.Ideology">0</Structure_OriginBuddhist>
    </structureMemeWeights>
    <factionNameMaker>NamerKTDryadFac</factionNameMaker>
    <settlementNameMaker>NamerKTDryadBase</settlementNameMaker>
    <basicMemberKind>DryadPlayer</basicMemberKind>
    <raidLootMaker>TribeRaidLootMaker</raidLootMaker>
    <raidLootValueFromPointsCurve>
      <points>
        <li>(35,     15)</li>
        <li>(100,   120)</li>
        <li>(1000,  500)</li>
        <li>(2000,  800)</li>
        <li>(4000, 1000)</li>
      </points>
    </raidLootValueFromPointsCurve>
    <apparelStuffFilter>
      <thingDefs>
        <li>Cloth</li>
      </thingDefs>
    </apparelStuffFilter>
    <recipePrerequisiteTags>
      <li>Tribal</li>
    </recipePrerequisiteTags>
  </FactionDef>

</Defs>