<?xml version="1.0" encoding="utf-8" ?>
<Defs>

  <FactionDef>
    <defName>KTWildDryad</defName>
    <label>Wrath of the Wild</label>
    <pawnSingular>wrath</pawnSingular>
    <pawnsPlural>wraths</pawnsPlural>
    <description>Natures wrath taken form.</description>
    <backstoryCategories>
      <li>KTDryadBad</li>
      <li>KTDryadWild</li>
      <li>KTDryadWildSpawn</li>
      <li>Tribal</li>
    </backstoryCategories>
    <maxConfigurableAtWorldCreation>9999</maxConfigurableAtWorldCreation>
    <configurationListOrderPriority>67</configurationListOrderPriority>
    <settlementGenerationWeight>0.9</settlementGenerationWeight>
    <requiredCountAtGameStart>1</requiredCountAtGameStart>
    <settlementNameMaker>NamerKTDryadBaseEnemy</settlementNameMaker>
    <fixedName>Athel Loren</fixedName>
    <canSiege>false</canSiege>
    <canStageAttacks>true</canStageAttacks>
    <factionIconPath>Things/World/DryadIcon</factionIconPath>
    <settlementTexturePath>World/WorldObjects/DefaultSettlement</settlementTexturePath>
    <colorSpectrum>
      <li>(0.78, 0, 0.27)</li>
      <li>(1, 0.74, 0.83)</li>
    </colorSpectrum>
    <leaderTitle>Elder</leaderTitle>
    <techLevel>Neolithic</techLevel>
    <requiredMemes>
      <li MayRequire="Ludeon.RimWorld.Ideology">Structure_TheistEmbodied</li>
      <li MayRequire="Ludeon.RimWorld.Ideology">KTDryadNaturePrimacy</li>
      <li MayRequire="Ludeon.RimWorld.Ideology">TreeConnection</li>
      <li MayRequire="Ludeon.RimWorld.Ideology">Raider</li>
    </requiredMemes>
    <disallowedMemes>
      <li MayRequire="Ludeon.RimWorld.Ideology">FleshPurity</li>
      <li MayRequire="Ludeon.RimWorld.Ideology">Tunneler</li>
      <li MayRequire="Ludeon.RimWorld.Ideology">Guilty</li>
      <li MayRequire="Ludeon.RimWorld.Ideology">HumanPrimacy</li>
      <li MayRequire="Ludeon.RimWorld.Ideology">Structure_Animist</li>
      <li MayRequire="Ludeon.RimWorld.Ideology">Structure_Ideological</li>
      <li MayRequire="Ludeon.RimWorld.Ideology">Structure_Archist</li>
      <li MayRequire="Ludeon.RimWorld.Ideology">Structure_TheistAbstract</li>
    </disallowedMemes>
    <structureMemeWeights>
      <Structure_TheistEmbodied MayRequire="Ludeon.RimWorld.Ideology">2</Structure_TheistEmbodied>
      <Structure_TheistAbstract MayRequire="Ludeon.RimWorld.Ideology">0</Structure_TheistAbstract>
      <Structure_Ideological MayRequire="Ludeon.RimWorld.Ideology">0</Structure_Ideological>
      <Structure_Archist MayRequire="Ludeon.RimWorld.Ideology">0</Structure_Archist>
      <Structure_OriginChristian MayRequire="Ludeon.RimWorld.Ideology">0</Structure_OriginChristian>
      <Structure_OriginIslamic MayRequire="Ludeon.RimWorld.Ideology">0</Structure_OriginIslamic>
      <Structure_OriginHindu MayRequire="Ludeon.RimWorld.Ideology">0</Structure_OriginHindu>
      <Structure_OriginBuddhist MayRequire="Ludeon.RimWorld.Ideology">0</Structure_OriginBuddhist>
    </structureMemeWeights>
    <allowedCultures>
      <li>KTDryad</li>
    </allowedCultures>
    <permanentEnemy>true</permanentEnemy>
    <hostileToFactionlessHumanlikes>true</hostileToFactionlessHumanlikes>
    <earliestRaidDays>1</earliestRaidDays>
    <allowedArrivalTemperatureRange>-50~50</allowedArrivalTemperatureRange>
    <raidLootMaker>TribeRaidLootMaker</raidLootMaker>
    <raidLootValueFromPointsCurve>
      <points>
        <li>(35,     15)</li>
        <li>(100,   120)</li>
        <li>(1000,  500)</li>
        <li>(2000,  800)</li>
        <li>(4000, 1000)</li>
      </points>
    </raidLootValueFromPointsCurve>
    <maxPawnCostPerTotalPointsCurve>
      <points>
        <li>(0,35)</li>
        <li>(70, 50)</li>
        <li>(700, 100)</li>
        <li>(1300, 150)</li>
        <li>(100000, 10000)</li>
      </points>
    </maxPawnCostPerTotalPointsCurve>
    <pawnGroupMakers>
      <li>
        <kindDef>Settlement</kindDef>
        <options>
          <BranchHunter>3</BranchHunter>
          <DryadCorpseRevenant>10</DryadCorpseRevenant>
          <DryadSpiteRevenant>7</DryadSpiteRevenant>
          <DryadWillowAspect>5</DryadWillowAspect>
          <DryadOakAspect>3</DryadOakAspect>
          <BranchWraith>1</BranchWraith>
          <DryadTribal_Penitent>5</DryadTribal_Penitent>
          <DryadTribal_Warrior>5</DryadTribal_Warrior>
          <DryadTribal_Berserker>5</DryadTribal_Berserker>
          <DryadTribal_ChiefMelee>1.5</DryadTribal_ChiefMelee>
        </options>
      </li>
      <li>
        <!-- All types-->
        <kindDef>Combat</kindDef>
        <commonality>100</commonality>
        <options>
          <BranchHunter>3</BranchHunter>
          <DryadCorpseRevenant>10</DryadCorpseRevenant>
          <DryadSpiteRevenant>7</DryadSpiteRevenant>
          <DryadWillowAspect>5</DryadWillowAspect>
          <DryadOakAspect>3</DryadOakAspect>
          <BranchWraith>1</BranchWraith>
          <DryadTribal_Penitent>5</DryadTribal_Penitent>
          <DryadTribal_Warrior>5</DryadTribal_Warrior>
          <DryadTribal_Berserker>5</DryadTribal_Berserker>
          <DryadTribal_ChiefMelee>1.5</DryadTribal_ChiefMelee>
        </options>
      </li>
      <li>
        <!-- Ranged  -->
        <kindDef>Combat</kindDef>
        <commonality>40</commonality>
        <options>
          <DryadTribal_Penitent>5</DryadTribal_Penitent>
          <BranchHunter>3</BranchHunter>
          <DryadWillowAspect>10</DryadWillowAspect>
        </options>
      </li>
      <li>
        <!-- Melee only-->
        <kindDef>Combat</kindDef>
        <commonality>40</commonality>
        <options>
          <DryadCorpseRevenant>10</DryadCorpseRevenant>
          <DryadSpiteRevenant>7</DryadSpiteRevenant>
          <DryadOakAspect>2</DryadOakAspect>
          <BranchWraith>1</BranchWraith>
          <DryadTribal_Penitent>5</DryadTribal_Penitent>
          <DryadTribal_Warrior>5</DryadTribal_Warrior>
          <DryadTribal_Berserker>5</DryadTribal_Berserker>
          <DryadTribal_ChiefMelee>1.5</DryadTribal_ChiefMelee>
        </options>
      </li>
      <li>
        <!-- tribe only -->
        <kindDef>Combat</kindDef>
        <commonality>60</commonality>
        <options>
          <DryadTribal_Penitent>5</DryadTribal_Penitent>
          <DryadTribal_Warrior>5</DryadTribal_Warrior>
          <DryadTribal_Berserker>5</DryadTribal_Berserker>
          <DryadTribal_ChiefMelee>1.5</DryadTribal_ChiefMelee>
        </options>
      </li>
      <li>
        <!-- spite only -->
        <kindDef>Combat</kindDef>
        <commonality>30</commonality>
        <options>
          <DryadCorpseRevenant>10</DryadCorpseRevenant>
          <DryadSpiteRevenant>7</DryadSpiteRevenant>
        </options>
      </li>
      <li>
        <!-- aspect only -->
        <kindDef>Combat</kindDef>
        <commonality>10</commonality>
        <options>
          <DryadWillowAspect>10</DryadWillowAspect>
          <DryadOakAspect>2</DryadOakAspect>
        </options>
      </li>
    </pawnGroupMakers>
  </FactionDef>

</Defs>