﻿<?xml version="1.0" encoding="utf-8" ?>
<Defs>

  <!-- Research Tabs -->

  <ResearchProjectDef Name="DryadKnowledgeResearch" Abstract="True">
    <requiredResearchBuilding>DryadResearchSpot</requiredResearchBuilding>
    <techLevel>Medieval</techLevel>
    <tab>DryadReTab</tab>
  </ResearchProjectDef>
  
  <ResearchTabDef>
    <defName>DryadReTab</defName>
    <label>Dryad</label>
  </ResearchTabDef>

    <ResearchProjectDef>
    <defName>DryadDryadic</defName>
    <label>dryadic</label>
    <description>Start the journey to reach dryads.</description>
    <baseCost>200</baseCost>
      <techLevel>Medieval</techLevel>
      <tab>DryadReTab</tab>
    <researchViewX>0</researchViewX>
    <researchViewY>1</researchViewY>
  </ResearchProjectDef>

  <ResearchProjectDef ParentName="DryadKnowledgeResearch">
    <defName>DryadRunes</defName>
    <label>dryad runes</label>
    <description>Dechiper the dryadic runes.</description>
    <baseCost>200</baseCost>
    <prerequisites>
      <li>DryadDryadic</li>
    </prerequisites>
    <researchViewX>0</researchViewX>
    <researchViewY>1.5</researchViewY>
  </ResearchProjectDef>

  <ResearchProjectDef ParentName="DryadKnowledgeResearch">
    <defName>DryadCreation</defName>
    <label>dryad creation</label>
    <description>Learn how to craft a dryad.</description>
    <baseCost>300</baseCost>
    <prerequisites>
      <li>DryadRunes</li>
    </prerequisites>
    <researchViewX>1</researchViewX>
    <researchViewY>1</researchViewY>
  </ResearchProjectDef>

  <ResearchProjectDef ParentName="DryadKnowledgeResearch">
    <defName>DryadOrgan</defName>
    <label>dryad organ</label>
    <description>Learn how to craft the organ of a dryad.</description>
    <baseCost>150</baseCost>
    <prerequisites>
      <li>DryadCreation</li>
    </prerequisites>
    <researchViewX>2</researchViewX>
    <researchViewY>1</researchViewY>
  </ResearchProjectDef>

  <ResearchProjectDef ParentName="DryadKnowledgeResearch">
    <defName>DryadicOrgan</defName>
    <label>dryadic bodyparts</label>
    <description>Learn how to craft artistic dryadic bodyparts.</description>
    <baseCost>300</baseCost>
    <prerequisites>
      <li>DryadOrgan</li>
    </prerequisites>
    <researchViewX>3</researchViewX>
    <researchViewY>1</researchViewY>
  </ResearchProjectDef>

  <ResearchProjectDef ParentName="DryadKnowledgeResearch">
    <defName>DryadSculpture</defName>
    <label>dryadic sculpting</label>
    <description>Create dryadic statues.</description>
    <baseCost>200</baseCost>
    <prerequisites>
      <li>DryadRunes</li>
    </prerequisites>
    <researchViewX>0</researchViewX>
    <researchViewY>2</researchViewY>
  </ResearchProjectDef>

  <ResearchProjectDef ParentName="DryadKnowledgeResearch">
    <defName>DryadDecorative</defName>
    <label>dryadic decorations</label>
    <description>Create dryadic decorations.</description>
    <baseCost>200</baseCost>
    <prerequisites>
      <li>DryadSculpture</li>
    </prerequisites>
    <researchViewX>0</researchViewX>
    <researchViewY>3</researchViewY>
  </ResearchProjectDef>
  
  <ResearchProjectDef ParentName="DryadKnowledgeResearch">
    <defName>DryadRevenant</defName>
    <label>dryad security</label>
    <description>Teach your dryads how to build special turrets. Will require access to dryad/dryadic podyparts.</description>
    <baseCost>300</baseCost>
    <prerequisites>
      <li>DryadSculpture</li>
    </prerequisites>
    <researchViewX>1</researchViewX>
    <researchViewY>3</researchViewY>
  </ResearchProjectDef>

  <!--================================ <ResearchProjectDef ParentName="DryadKnowledgeResearch">
    <defName>DryadBlanket</defName>
    <label>double sleeping</label>
    <description>For when you need that shared space.</description>
    <baseCost>200</baseCost>
    <researchViewX>1</researchViewX>
    <researchViewY>2</researchViewY>
    <prerequisites>
      <li>DryadRunes</li>
    </prerequisites>
  </ResearchProjectDef> Sculptures ======================================-->

</Defs>