<?xml version="1.0" encoding="utf-8" ?>
<Defs>

  <!-- Culture-specific content -->

  <RulePackDef>
    <defName>NamerDeityKTDryad</defName>
    <include>
      <li MayRequire="Ludeon.RimWorld.Ideology">NamerDeityGlobal</li>
    </include>
    <rulePack>
      <rulesStrings>
        <li>name->[syl]</li>

        <li>syl->Drycha</li>
        <li>syl->Briarmaven of Woe</li>
        <li>syl->Addaivoch</li>
        <li>syl->Tree of Woe</li>
        <li>syl->Coeddil</li>
        <li>syl->Briarmaven</li>

      </rulesStrings>
    </rulePack>
  </RulePackDef>


</Defs>