<?xml version="1.0" encoding="utf-8" ?>
<Defs>

  <!-- Shared content -->

  <RulePackDef>
    <defName>DeityTypeMakerKTDryadG</defName>
    <include>
      <li>GlobalUtility</li>
    </include>
    <rulePack>
      <rulesStrings>
        <li>r_deityType->[god] of [memeConcept]</li>

        <li>god->Master</li>
        <li>god->Elder</li>
        <li>god->Demigod</li>
        
      </rulesStrings>
    </rulePack>
  </RulePackDef>

  <!-- Culture-specific content -->

  <RulePackDef>
    <defName>DeityTypeMakerKTDryad</defName>
    <include>
      <li>DeityTypeMakerKTDryadG</li>
    </include>
  </RulePackDef>

</Defs>