<?xml version="1.0" encoding="utf-8" ?>
<Defs>
	<AlienRace.BackstoryDef>
		<defName>DryadFlower</defName>
		<title>flower</title>
		<titleShort>flower</titleShort>
		<baseDescription>[PAWN_nameDef] is a loving flower of a dryad. [PAWN_nameDef] seems to radiate a warming heat.</baseDescription>
		<bodyTypeMale>Female</bodyTypeMale>
		<bodyTypeFemale>Female</bodyTypeFemale>
		<slot>Adulthood</slot>
    <skillGains>
      <li>
        <defName>Social</defName>
        <amount>2</amount>
      </li>
      <li>
        <defName>Medicine</defName>
        <amount>4</amount>
      </li>
      <li>
        <defName>Plants</defName>
        <amount>4</amount>
      </li>
    </skillGains>
    <forcedTraits>
      <li>
        <defName>Kind</defName>
        <chance>25</chance>
      </li>
    </forcedTraits>
		<spawnCategories>
			<li>DryadGood</li>
		</spawnCategories>
    <workDisables>
    </workDisables>
    <requiredWorkTags>
      <li>Caring</li>
      <li>Social</li>
    </requiredWorkTags>
	</AlienRace.BackstoryDef>

	<AlienRace.BackstoryDef>
		<defName>DryadWeird</defName>
		<title>weird</title>
		<titleShort>weird</titleShort>
		<baseDescription>[PAWN_nameDef] seems to be irrational, with sporadic movements and actions. [PAWN_nameDef] seems to sway with the wind.</baseDescription>
		<bodyTypeMale>Female</bodyTypeMale>
		<bodyTypeFemale>Female</bodyTypeFemale>
		<slot>Adulthood</slot>
    <skillGains>
      <li>
        <defName>Artistic</defName>
        <amount>5</amount>
      </li>
      <li>
        <defName>Crafting</defName>
        <amount>2</amount>
      </li>
    </skillGains>
      <forcedTraits>
        <li>
          <defName>Nerves</defName>
          <degree>-2</degree>
          <chance>20</chance>
        </li>
        <li>
          <defName>Nerves</defName>
          <degree>-1</degree>
          <chance>20</chance>
        </li>
      </forcedTraits>
		<spawnCategories>
			<li>DryadGood</li>
      <li>DryadBad</li>
		</spawnCategories>
    <workDisables>
    </workDisables>
    <requiredWorkTags>
      <li>Artistic</li>
    </requiredWorkTags>
	</AlienRace.BackstoryDef>

	<AlienRace.BackstoryDef>
		<defName>DryadAgreeable</defName>
		<title>agreeable</title>
		<titleShort>agreeable</titleShort>
		<baseDescription>[PAWN_nameDef] seems to be agreeable for a dryad.</baseDescription>
		<bodyTypeMale>Female</bodyTypeMale>
		<bodyTypeFemale>Female</bodyTypeFemale>
    <skillGains>
      <li>
        <defName>Plants</defName>
        <amount>4</amount>
      </li>
      <li>
        <defName>Melee</defName>
        <amount>2</amount>
      </li>
    </skillGains>
		<slot>Adulthood</slot>
		<spawnCategories>
			<li>DryadGood</li>
      <li>DryadBad</li>
		</spawnCategories>
    <workDisables>
    </workDisables>
    <requiredWorkTags>
      <li>Social</li>
    </requiredWorkTags>
	</AlienRace.BackstoryDef>

	<AlienRace.BackstoryDef>
		<defName>DryadCold</defName>
		<title>cold</title>
		<titleShort>cold</titleShort>
		<baseDescription>[PAWN_nameDef] is cold like the truest essensce of nature. [PAWN_nameDef] is seen as cruel by man and it does little to correct it.</baseDescription>
		<bodyTypeMale>Female</bodyTypeMale>
		<bodyTypeFemale>Female</bodyTypeFemale>
    <skillGains>
      <li>
        <defName>Medicine</defName>
        <amount>-2</amount>
      </li>
    </skillGains>
		<slot>Adulthood</slot>
		<spawnCategories>
			<li>DryadGood</li>
      <li>DryadBad</li>
		</spawnCategories>
    <workDisables>
      <li>Social</li>
    </workDisables>
	</AlienRace.BackstoryDef>

	<AlienRace.BackstoryDef>
		<defName>DryadHarsh</defName>
		<title>harsh</title>
		<titleShort>harsh</titleShort>
		<baseDescription>[PAWN_nameDef] is harsh and viscious. Seemingly ready to pounce on all and everything, if [PAWN_nameDef] wishes to.</baseDescription>
		<bodyTypeMale>Female</bodyTypeMale>
		<bodyTypeFemale>Female</bodyTypeFemale>
		<slot>Adulthood</slot>
    <skillGains>
      <li>
        <defName>Melee</defName>
        <amount>5</amount>
      </li>
      <li>
        <defName>Medicine</defName>
        <amount>-3</amount>
      </li>
    </skillGains>
    <forcedTraits>
      <li>
        <defName>Abrasive</defName>
        <chance>10</chance>
      </li>
      <li>
        <defName>Bloodlust</defName>
        <chance>10</chance>
      </li>
    </forcedTraits>
		<spawnCategories>
			<li>DryadGood</li>
      <li>DryadEvil</li>
		</spawnCategories>
    <requiredWorkTags>
      <li>Violent</li>
    </requiredWorkTags>
	</AlienRace.BackstoryDef>

	<AlienRace.BackstoryDef>
		<defName>DryadHostile</defName>
		<title>hostile</title>
		<titleShort>hostile</titleShort>
		<baseDescription>[PAWN_nameDef] is hostile to almost anything. [PAWN_nameDef] hates man and everything mankind brings.</baseDescription>
		<bodyTypeMale>Female</bodyTypeMale>
		<bodyTypeFemale>Female</bodyTypeFemale>
		<slot>Adulthood</slot>
    <skillGains>
      <li>
        <defName>Melee</defName>
        <amount>3</amount>
      </li>
      <li>
        <defName>Shooting</defName>
        <amount>3</amount>
      </li>
      <li>
        <defName>Medicine</defName>
        <amount>-3</amount>
      </li>
    </skillGains>
    <forcedTraits>
      <li>
        <defName>Tough</defName>
        <chance>10</chance>
      </li>
      <li>
        <defName>Bloodlust</defName>
        <chance>50</chance>
      </li>
      
    </forcedTraits>
		<spawnCategories>
			<li>DryadBad</li>
		</spawnCategories>
    <workDisables>
    </workDisables>
    <requiredWorkTags>
      <li>Violent</li>
    </requiredWorkTags>
	</AlienRace.BackstoryDef>

	<AlienRace.BackstoryDef>
		<defName>DryadWildrose</defName>
		<title>wildrose</title>
		<titleShort>wildrose</titleShort>
		<baseDescription>[PAWN_nameDef] is seemingly hostile and cold, but with the right actions [PAWN_nameDef] would be able bud out into a beautiful rose.</baseDescription>
		<bodyTypeMale>Female</bodyTypeMale>
		<bodyTypeFemale>Female</bodyTypeFemale>
    <skillGains>
      <li>
        <defName>Crafting</defName>
        <amount>-2</amount>
      </li>
      <li>
        <defName>Melee</defName>
        <amount>3</amount>
      </li>
      <li>
        <defName>Shooting</defName>
        <amount>3</amount>
      </li>
    </skillGains>
		<slot>Adulthood</slot>
		<spawnCategories>
			<li>DryadBad</li>
		</spawnCategories>
    <workDisables>
    </workDisables>
	</AlienRace.BackstoryDef>

	<AlienRace.BackstoryDef>
		<defName>DryadMagic</defName>
		<title>unknown</title>
		<titleShort>unknown</titleShort>
		<baseDescription>What [PAWN_nameDef] is or was is not clear.</baseDescription>
		<bodyTypeMale>Female</bodyTypeMale>
		<bodyTypeFemale>Female</bodyTypeFemale>
		<slot>Childhood</slot>
    <skillGains>
      <li>
        <defName>Artistic</defName>
        <amount>4</amount>
      </li>
      <li>
        <defName>Plants</defName>
        <amount>4</amount>
      </li>
      <li>
        <defName>Social</defName>
        <amount>2</amount>
      </li>
      <li>
        <defName>Melee</defName>
        <amount>2</amount>
      </li>
    </skillGains>
    <workDisables>
    </workDisables>
		<spawnCategories>
			<li>DryadBad</li>
			<li>DryadGood</li>
		</spawnCategories>
	</AlienRace.BackstoryDef>

</Defs>