<?xml version="1.0" encoding="utf-8" ?>
<Defs>

  <ThingDef ParentName="BaseMeleeWeapon_Sharp_QualityDryad">
    <defName>MeleeWeapon_SylScythe</defName>
    <label>dryadic scythe</label>
    <description>A long and deadly scythe used by the inihabitants of Athel Loren.</description>
    <graphicData>
      <texPath>Things/Item/Weapons/SylScythe</texPath>
      <graphicClass>Graphic_Single</graphicClass>
    </graphicData>
    <techLevel>Neolithic</techLevel>
    <weaponTags>
      <li>DryadHigh</li>
    </weaponTags>
    <costStuffCount>100</costStuffCount>
    <costList>
      <WoodLog>40</WoodLog>
      <DryadMilkSeed>20</DryadMilkSeed>
    </costList>
    <thingSetMakerTags>
      <li>RewardStandardQualitySuper</li>
    </thingSetMakerTags>
    <statBases>
      <WorkToMake>18000</WorkToMake>
      <Mass>3</Mass>
    </statBases>
    <equippedAngleOffset>-65</equippedAngleOffset>
    <stuffCategories>
      <li>Metallic</li>
    </stuffCategories>
    <tools>
      <li>
        <label>handle</label>
        <capacities>
          <li>Blunt</li>
        </capacities>
        <power>9</power>
        <cooldownTime>2</cooldownTime>
      </li>
      <li>
        <label>edge</label>
        <capacities>
          <li>Cut</li>
        </capacities>
        <power>30</power>
        <cooldownTime>3</cooldownTime>
      </li>
    </tools>
    <recipeMaker>
      <researchPrerequisite>DryadSculpture</researchPrerequisite>
      <skillRequirements>
        <Crafting>6</Crafting>
      </skillRequirements>
    </recipeMaker>
  </ThingDef>


</Defs>