﻿<?xml version="1.0" encoding="utf-8" ?>
<Defs>

  <HediffDef Name="addedPartBasicDryad" Abstract="True">
    <hediffClass>Hediff_AddedPart</hediffClass>
    <isBad>false</isBad>
    <defaultLabelColor>(148,117,14)</defaultLabelColor>
    <addedPartProps>
      <betterThanNatural>false</betterThanNatural>
    </addedPartProps>
  </HediffDef>

  <!-- Added body parts Dryad -->

  <HediffDef ParentName="addedPartBasicDryad">
    <defName>DryadicOrgan</defName>
    <label>dryadic organ</label>
    <labelNoun>a dryadic organ</labelNoun>
    <addedPartProps>
      <solid>true</solid>
      <partEfficiency>1</partEfficiency>
    </addedPartProps>
    <spawnThingOnRemoved>DryadicOrgan</spawnThingOnRemoved>
  </HediffDef>

  <HediffDef ParentName="addedPartBasicDryad">
    <defName>DryadicHeart</defName>
    <label>dryadic heart</label>
    <labelNoun>a dryadic heart</labelNoun>
    <addedPartProps>
      <solid>true</solid>
      <partEfficiency>1</partEfficiency>
    </addedPartProps>
    <spawnThingOnRemoved>DryadicHeart</spawnThingOnRemoved>
  </HediffDef>

  <!-- Added body parts Human -->

  <HediffDef ParentName="addedPartBasicDryad">
    <defName>DryadicHeartHuman</defName>
    <label>dryadic heart</label>
    <labelNoun>a dryadic organ</labelNoun>
    <addedPartProps>
      <solid>true</solid>
      <partEfficiency>0.75</partEfficiency>
    </addedPartProps>
    <spawnThingOnRemoved>DryadicHeart</spawnThingOnRemoved>
  </HediffDef>
  
  <HediffDef ParentName="addedPartBasicDryad">
    <defName>DryadicLungHuman</defName>
    <label>dryadic Lung</label>
    <labelNoun>a dryadic lung</labelNoun>
    <addedPartProps>
      <solid>true</solid>
      <partEfficiency>0.75</partEfficiency>
    </addedPartProps>
    <spawnThingOnRemoved>DryadicLung</spawnThingOnRemoved>
  </HediffDef>
  
  <HediffDef ParentName="addedPartBasicDryad">
    <defName>DryadicLiverHuman</defName>
    <label>dryadic liver</label>
    <labelNoun>a dryadic liver</labelNoun>
    <addedPartProps>
      <solid>true</solid>
      <partEfficiency>0.75</partEfficiency>
    </addedPartProps>
    <spawnThingOnRemoved>DryadicLiver</spawnThingOnRemoved>
  </HediffDef>

  <HediffDef ParentName="addedPartBasicDryad">
    <defName>DryadicKidneyHuman</defName>
    <label>dryadic kidney</label>
    <labelNoun>a dryadic kidney</labelNoun>
    <addedPartProps>
      <solid>true</solid>
      <partEfficiency>0.75</partEfficiency>
    </addedPartProps>
    <spawnThingOnRemoved>DryadicKidney</spawnThingOnRemoved>
  </HediffDef>

  <HediffDef ParentName="addedPartBasicDryad">
    <defName>DryadicEyeHuman</defName>
    <label>dryadic Eye</label>
    <labelNoun>a dryadic eye</labelNoun>
    <addedPartProps>
      <solid>true</solid>
      <partEfficiency>0.75</partEfficiency>
    </addedPartProps>
    <stages>
      <li>
        <statOffsets>
          <SocialImpact>+0.10</SocialImpact>
        </statOffsets>
      </li>
    </stages>
    <spawnThingOnRemoved>DryadicEye</spawnThingOnRemoved>
  </HediffDef>

  <HediffDef ParentName="addedPartBasicDryad">
    <defName>DryadicNoseHuman</defName>
    <label>dryadic nose</label>
    <labelNoun>a dryadic nose</labelNoun>
    <addedPartProps>
      <solid>true</solid>
      <partEfficiency>0.75</partEfficiency>
    </addedPartProps>
    <stages>
      <li>
        <statOffsets>
          <SocialImpact>+0.10</SocialImpact>
        </statOffsets>
      </li>
    </stages>
    <spawnThingOnRemoved>DryadicNose</spawnThingOnRemoved>
  </HediffDef>

  <HediffDef ParentName="addedPartBasicDryad">
    <defName>DryadicEarHuman</defName>
    <label>dryadic ear</label>
    <labelNoun>a dryadic ear</labelNoun>
    <addedPartProps>
      <solid>true</solid>
      <partEfficiency>0.75</partEfficiency>
    </addedPartProps>
    <stages>
      <li>
        <statOffsets>
          <SocialImpact>+0.10</SocialImpact>
        </statOffsets>
      </li>
    </stages>
    <spawnThingOnRemoved>DryadicEar</spawnThingOnRemoved>
  </HediffDef>

  <HediffDef ParentName="addedPartBasicDryad">
    <defName>DryadicHandHuman</defName>
    <label>dryadic hand</label>
    <labelNoun>a dryadic hand</labelNoun>
    <comps>
      <li Class="HediffCompProperties_VerbGiver">
        <tools>
          <li>
            <label>branch</label>
            <capacities>
              <li>Cut</li>
              <li>Stab</li>
            </capacities>
            <power>13</power>
            <cooldownTime>1.8</cooldownTime>
          </li>
        </tools>
      </li>
    </comps>
    <addedPartProps>
      <solid>true</solid>
      <partEfficiency>0.8</partEfficiency>
    </addedPartProps>
    <stages>
      <li>
        <statOffsets>
          <SocialImpact>+0.02</SocialImpact>
        </statOffsets>
      </li>
    </stages>
  </HediffDef>

  <HediffDef ParentName="addedPartBasicDryad">
    <defName>DryadicFootHuman</defName>
    <label>dryadic foot</label>
    <labelNoun>a dryadic foot</labelNoun>
    <addedPartProps>
      <solid>true</solid>
      <partEfficiency>0.8</partEfficiency>
    </addedPartProps>
    <stages>
      <li>
        <statOffsets>
          <SocialImpact>+0.02</SocialImpact>
        </statOffsets>
      </li>
    </stages>
  </HediffDef>

  <HediffDef ParentName="addedPartBasicDryad">
    <defName>DryadLegHuman</defName>
    <label>dryadic leg</label>
    <labelNoun>a dryad leg</labelNoun>
    <addedPartProps>
      <solid>true</solid>
      <partEfficiency>0.8</partEfficiency>
    </addedPartProps>
    <stages>
      <li>
        <statOffsets>
          <SocialImpact>+0.02</SocialImpact>
        </statOffsets>
      </li>
    </stages>
  </HediffDef>

  <HediffDef ParentName="addedPartBasicDryad">
    <defName>DryadArmHuman</defName>
    <label>dryad arm</label>
    <labelNoun>a dryad arm</labelNoun>
    <comps>
      <li Class="HediffCompProperties_VerbGiver">
        <tools>
          <li>
            <label>branch</label>
            <capacities>
              <li>Cut</li>
              <li>Stab</li>
            </capacities>
            <power>13</power>
            <cooldownTime>1.8</cooldownTime>
          </li>
        </tools>
      </li>
    </comps>
    <addedPartProps>
      <solid>true</solid>
      <partEfficiency>0.8</partEfficiency>
    </addedPartProps>
    <stages>
      <li>
        <statOffsets>
          <SocialImpact>+0.02</SocialImpact>
        </statOffsets>
      </li>
    </stages>
  </HediffDef>

  <HediffDef ParentName="ImplantHediffBase">
    <defName>DryadSeedImplant</defName>
    <label>embedded seed</label>
    <labelNoun>embedded seed</labelNoun>
    <stages>
      <li>
        <partEfficiencyOffset>-0.05</partEfficiencyOffset>
        <painFactor>0.75</painFactor>
      </li>
    </stages>
    <spawnThingOnRemoved>DryadMilkSeed</spawnThingOnRemoved>
  </HediffDef>

  <HediffDef ParentName="addedPartBasicDryad">
    <defName>DryadLeg</defName>
    <label>dryadic leg</label>
    <labelNoun>a dryad leg</labelNoun>
    <addedPartProps>
      <solid>true</solid>
      <partEfficiency>1</partEfficiency>
    </addedPartProps>
  </HediffDef>

  <HediffDef ParentName="addedPartBasicDryad">
    <defName>DryadArm</defName>
    <label>dryad arm</label>
    <labelNoun>a dryad arm</labelNoun>
    <comps>
      <li Class="HediffCompProperties_VerbGiver">
        <tools>
          <li>
            <label>branch</label>
            <capacities>
              <li>Cut</li>
              <li>Stab</li>
            </capacities>
            <power>13</power>
            <cooldownTime>1.8</cooldownTime>
          </li>
        </tools>
      </li>
    </comps>
    <addedPartProps>
      <solid>true</solid>
      <partEfficiency>1</partEfficiency>
    </addedPartProps>
  </HediffDef>

</Defs>
