﻿<?xml version="1.0" encoding="utf-8" ?>
<Defs>

  <ThingDef Name="ResourceBaseDryad" Abstract="True">
    <thingClass>ThingWithComps</thingClass>
    <category>Item</category>
    <resourceReadoutPriority>Middle</resourceReadoutPriority>
    <useHitPoints>true</useHitPoints>
    <selectable>true</selectable>
    <altitudeLayer>Item</altitudeLayer>
    <stackLimit>1</stackLimit>
    <statBases>
      <Beauty>-7</Beauty>
    </statBases>
    <comps>
      <li Class="CompProperties_Forbiddable"/>
    </comps>
    <alwaysHaulable>true</alwaysHaulable>
    <drawGUIOverlay>true</drawGUIOverlay>
    <rotatable>false</rotatable>
    <pathCost>15</pathCost>
  </ThingDef>

  <ThingDef ParentName="ResourceBaseDryad">
    <defName>DryadCorpseRevenant</defName>
    <label>revenant body</label>
    <description>A dormant revenant body. Use it to stir it awake.</description>
    <category>Item</category>
    <thingClass>ThingWithComps</thingClass>
    <graphicData>
      <texPath>Things/Item/BodyPart/RevenantDead</texPath>
      <graphicClass>Graphic_Single</graphicClass>
      <drawSize>1.7</drawSize>
    </graphicData>
    <statBases>
      <WorkToMake>15000</WorkToMake>
      <MaxHitPoints>100</MaxHitPoints>
      <DeteriorationRate>0</DeteriorationRate>
      <MarketValue>300</MarketValue>
      <Mass>35</Mass>
    </statBases>
    <thingCategories>
      <li>Items</li>
    </thingCategories>
    <tradeTags>
      <li>ExoticMisc</li>
    </tradeTags>
    <comps>
      <li Class="CompProperties_Usable">
        <useJob>UseItem</useJob>
        <useLabel>Awake revenant</useLabel>
        <useDuration>100</useDuration>
      </li>
      <li Class="Dryad.CompProperties_SpawnPawn">
        <compClass>Dryad.CompUseEffect_SpawnPawn</compClass>
        <pawnKind>DryadDeadRevenantWild</pawnKind>
      </li>
      <li Class="CompProperties_UseEffect">
        <compClass>CompUseEffect_DestroySelf</compClass>
      </li>
    </comps>
  </ThingDef>
  
</Defs>