﻿<?xml version="1.0" encoding="utf-8" ?>
<Defs>

  <!-- Seed Embedd -->
  
  <ThingDef ParentName="BodyPartHiddenDryad">
    <defName>WildDryadSeedLow</defName>
    <label>wild dryad seed</label>
    <description>Dryad seed.</description>
    <statBases>
      <MarketValue>100</MarketValue>
    </statBases>
    <techHediffsTags>
      <li>WildDryadSeedLow</li>
    </techHediffsTags>
  </ThingDef>

  <ThingDef ParentName="BodyPartHiddenDryad">
    <defName>WildDryadSeedMid</defName>
    <label>wild dryad seed</label>
    <description>Dryad seed.</description>
    <statBases>
      <MarketValue>100</MarketValue>
    </statBases>
    <techHediffsTags>
      <li>WildDryadSeedMid</li>
    </techHediffsTags>
  </ThingDef>

  <ThingDef ParentName="BodyPartHiddenDryad">
    <defName>WildDryadSeedHigh</defName>
    <label>wild dryad seed</label>
    <description>Dryad seed.</description>
    <statBases>
      <MarketValue>100</MarketValue>
    </statBases>
    <techHediffsTags>
      <li>WildDryadSeedHigh</li>
    </techHediffsTags>
  </ThingDef>

  <HediffDef ParentName="ImplantHediffBase">
    <defName>DryadSeedImplantWildDead</defName>
    <label>embedded seed</label>
    <labelNoun>embedded seed</labelNoun>
    <description>A seed poking the brain. Unkown source, might prove detrimental.</description>
    <stages>
      <li>
        <partEfficiencyOffset>-0.05</partEfficiencyOffset>
        <painFactor>0.75</painFactor>
      </li>
    </stages>
    <comps>
      <li Class="Dryad.HediffCompProperties_SpawnOnDeathAnimalWild">
        <mote>Mote_BloodSplash</mote>
        <moteCount>6</moteCount>
        <moteOffsetRange>0.25~0.75</moteOffsetRange>
        <pawnKind>DryadCorpseRevenant</pawnKind>
        <filth>DryadChlorophyll</filth>
        <sound>Pawn_BigInsect_Angry</sound>
        <destroyBody>true</destroyBody>
        <forcedFaction>WildDryad</forcedFaction>
      </li>
    </comps>
    <spawnThingOnRemoved>DryadMilkSeed</spawnThingOnRemoved>
  </HediffDef>


  <RecipeDef ParentName="SurgeryInstallImplantBaseDryadWild">
    <defName>InstallDryadSeedWildDead</defName>
    <label>embed seed</label>
    <description>Embed a dryad seed.</description>
    <workerClass>Recipe_InstallImplant</workerClass>
    <jobString>Embedding seed.</jobString>
    <workAmount>1000</workAmount>
    <surgerySuccessChanceFactor>5</surgerySuccessChanceFactor>
    <deathOnFailedSurgeryChance>0.01</deathOnFailedSurgeryChance>
    <skillRequirements>
      <Medicine>1</Medicine>
    </skillRequirements>
    <ingredients>
      <li>
        <filter>
          <thingDefs>
            <li>WildDryadSeedLow</li>
          </thingDefs>
        </filter>
        <count>1</count>
      </li>
    </ingredients>
    <fixedIngredientFilter>
      <thingDefs>
        <li>DryadMilkSeed</li>
      </thingDefs>
    </fixedIngredientFilter>
    <appliedOnFixedBodyParts>
      <li>Brain</li>
    </appliedOnFixedBodyParts>
    <addsHediff>DryadSeedImplantWildDead</addsHediff>
  </RecipeDef>

  <HediffDef ParentName="ImplantHediffBase">
    <defName>DryadSeedImplantWild</defName>
    <label>embedded seed</label>
    <labelNoun>embedded seed</labelNoun>
    <description>A seed poking the brain. Unkown source, might prove detrimental.</description>
    <stages>
      <li>
        <partEfficiencyOffset>-0.05</partEfficiencyOffset>
        <painFactor>0.75</painFactor>
      </li>
    </stages>
    <comps>
      <li Class="Dryad.HediffCompProperties_SpawnOnDeathAnimalWild">
        <mote>Mote_BloodSplash</mote>
        <moteCount>6</moteCount>
        <moteOffsetRange>0.25~0.75</moteOffsetRange>
        <pawnKind>DryadSpiteRevenant</pawnKind>
        <filth>DryadChlorophyll</filth>
        <sound>Pawn_BigInsect_Angry</sound>
        <destroyBody>true</destroyBody>
        <forcedFaction>WildDryad</forcedFaction>
      </li>
    </comps>
    <spawnThingOnRemoved>DryadMilkSeed</spawnThingOnRemoved>
  </HediffDef>


  <RecipeDef ParentName="SurgeryInstallImplantBaseDryadWild">
    <defName>InstallDryadSeedWild</defName>
    <label>embed seed</label>
    <description>Embed a dryad seed.</description>
    <workerClass>Recipe_InstallImplant</workerClass>
    <jobString>Embedding seed.</jobString>
    <workAmount>1000</workAmount>
    <surgerySuccessChanceFactor>5</surgerySuccessChanceFactor>
    <deathOnFailedSurgeryChance>0.01</deathOnFailedSurgeryChance>
    <skillRequirements>
      <Medicine>1</Medicine>
    </skillRequirements>
    <ingredients>
      <li>
        <filter>
          <thingDefs>
            <li>WildDryadSeedMid</li>
          </thingDefs>
        </filter>
        <count>1</count>
      </li>
    </ingredients>
    <fixedIngredientFilter>
      <thingDefs>
        <li>DryadMilkSeed</li>
      </thingDefs>
    </fixedIngredientFilter>
    <appliedOnFixedBodyParts>
      <li>Brain</li>
    </appliedOnFixedBodyParts>
    <addsHediff>DryadSeedImplantWild</addsHediff>
  </RecipeDef>
  
  <HediffDef ParentName="ImplantHediffBase">
    <defName>DryadSeedClusterImplantWild</defName>
    <label>embedded cluster</label>
    <labelNoun>embedded cluster</labelNoun>
    <description>Whole back stuffed with seeds, might prove detrimental.</description>
    <stages>
      <li>
        <partEfficiencyOffset>-0.05</partEfficiencyOffset>
        <painFactor>0.5</painFactor>
      </li>
    </stages>
    <comps>
      <li Class="Dryad.HediffCompProperties_SpawnOnDeathAnimalWild">
        <mote>Mote_BloodSplash</mote>
        <moteCount>6</moteCount>
        <moteOffsetRange>0.25~0.75</moteOffsetRange>
        <pawnKind>WildDryadBad</pawnKind>
        <filth>DryadChlorophyll</filth>
        <sound>Pawn_BigInsect_Angry</sound>
        <destroyBody>true</destroyBody>
        <forcedFaction>WildDryad</forcedFaction>
      </li>
    </comps>
    <spawnThingOnRemoved>DryadMilkSeed</spawnThingOnRemoved>
  </HediffDef>

  <ThoughtDef>
    <defName>DryadSeedClusterImplantWildThought</defName>
    <workerClass>ThoughtWorker_Hediff</workerClass>
    <hediff>DryadSeedClusterImplantWild</hediff>
    <validWhileDespawned>true</validWhileDespawned>
    <stages>
      <li>
        <label>Embedded</label>
        <description>We? Feel fine.</description>
        <baseMoodEffect>5</baseMoodEffect>
      </li>
    </stages>
  </ThoughtDef>


  <RecipeDef ParentName="SurgeryInstallImplantBaseDryadWild">
    <defName>InstallDryadSeedClusterWild</defName>
    <label>embed cluster</label>
    <description>Embed the spine.</description>
    <workerClass>Recipe_InstallImplant</workerClass>
    <jobString>Embedding seeds.</jobString>
    <workAmount>1000</workAmount>
    <surgerySuccessChanceFactor>5</surgerySuccessChanceFactor>
    <deathOnFailedSurgeryChance>0.01</deathOnFailedSurgeryChance>
    <skillRequirements>
      <Medicine>1</Medicine>
    </skillRequirements>
    <ingredients>
      <li>
        <filter>
          <thingDefs>
            <li>WildDryadSeedHigh</li>
          </thingDefs>
        </filter>
        <count>15</count>
      </li>
    </ingredients>
    <fixedIngredientFilter>
      <thingDefs>
        <li>DryadMilkSeed</li>
      </thingDefs>
    </fixedIngredientFilter>
    <appliedOnFixedBodyParts>
      <li>Spine</li>
    </appliedOnFixedBodyParts>
    <addsHediff>DryadSeedClusterImplantWild</addsHediff>
  </RecipeDef>


</Defs>
