﻿<?xml version="1.0" encoding="utf-8" ?>
<Defs>
  <PawnKindDef Name="BaseTreeRevenant" Abstract="True">
    <defaultFactionType>WildDryad</defaultFactionType>
    <destroyGearOnDrop>true</destroyGearOnDrop>
  </PawnKindDef>

  <PawnKindDef ParentName="BaseTreeRevenant">
    <defName>DryadCorpseRevenant</defName>
    <label>corpse-revenant</label>
    <defaultFactionType>WildDryad</defaultFactionType>
    <race>DryadDeadRevenantFoe</race>
    <combatPower>40</combatPower>
    <lifeStages>
      <li>
        <bodyGraphicData>
          <texPath>Things/Pawn/Animal/RevenantBound/RevenantDead</texPath>
          <drawSize>1</drawSize>
        </bodyGraphicData>
        <dessicatedBodyGraphicData>
          <texPath>Things/Pawn/Animal/RevenantBound/Dessicated_RevenantDead</texPath>
          <drawSize>1</drawSize>
        </dessicatedBodyGraphicData>
      </li>
      <li>
        <bodyGraphicData>
          <texPath>Things/Pawn/Animal/RevenantBound/RevenantDead</texPath>
          <drawSize>1.3</drawSize>
        </bodyGraphicData>
        <dessicatedBodyGraphicData>
          <texPath>Things/Pawn/Animal/RevenantBound/Dessicated_RevenantDead</texPath>
          <drawSize>1.3</drawSize>
        </dessicatedBodyGraphicData>
      </li>
      <li>
        <bodyGraphicData>
          <texPath>Things/Pawn/Animal/RevenantBound/RevenantDead</texPath>
          <drawSize>1.6</drawSize>
        </bodyGraphicData>
        <dessicatedBodyGraphicData>
          <texPath>Things/Pawn/Animal/RevenantBound/Dessicated_RevenantDead</texPath>
          <drawSize>1.6</drawSize>
        </dessicatedBodyGraphicData>
      </li>
    </lifeStages>
    <apparelMoney>
      <min>-10</min>
      <max>-10</max>
    </apparelMoney>
    <weaponMoney>
      <min>0</min>
      <max>0</max>
    </weaponMoney>
    <weaponTags>
      <li>None</li>
    </weaponTags>
  </PawnKindDef>

  <PawnKindDef ParentName="BaseTreeRevenant">
    <defName>DryadSpiteRevenant</defName>
    <label>spite-revenant</label>
    <defaultFactionType>WildDryad</defaultFactionType>
    <race>DryadSpiteRevenant</race>
    <combatPower>75</combatPower>
    <lifeStages>
      <li>
        <bodyGraphicData>
          <texPath>Things/Pawn/Animal/Revenants/Revenant</texPath>
          <drawSize>1</drawSize>
        </bodyGraphicData>
        <dessicatedBodyGraphicData>
          <texPath>Things/Pawn/Animal/Revenants/Dessicated_Revenant</texPath>
          <drawSize>1</drawSize>
        </dessicatedBodyGraphicData>
      </li>
      <li>
        <bodyGraphicData>
          <texPath>Things/Pawn/Animal/Revenants/Revenant</texPath>
          <drawSize>1.3</drawSize>
        </bodyGraphicData>
        <dessicatedBodyGraphicData>
          <texPath>Things/Pawn/Animal/Revenants/Dessicated_Revenant</texPath>
          <drawSize>1.3</drawSize>
        </dessicatedBodyGraphicData>
      </li>
      <li>
        <bodyGraphicData>
          <texPath>Things/Pawn/Animal/Revenants/Revenant</texPath>
          <drawSize>1.6</drawSize>
        </bodyGraphicData>
        <dessicatedBodyGraphicData>
          <texPath>Things/Pawn/Animal/Revenants/Dessicated_Revenant</texPath>
          <drawSize>1.6</drawSize>
        </dessicatedBodyGraphicData>
      </li>
    </lifeStages>
    <apparelMoney>
      <min>-10</min>
      <max>-10</max>
    </apparelMoney>
    <weaponMoney>
      <min>0</min>
      <max>0</max>
    </weaponMoney>
    <weaponTags>
      <li>None</li>
    </weaponTags>
  </PawnKindDef>

  <PawnKindDef ParentName="BaseTreeRevenant">
    <defName>DryadOakAspect</defName>
    <label>oak aspect</label>
    <defaultFactionType>WildDryad</defaultFactionType>
    <race>DryadOakAspect</race>
    <combatPower>120</combatPower>
    <lifeStages>
      <li>
        <bodyGraphicData>
          <texPath>Things/Pawn/Animal/OakAspect/OakForm</texPath>
          <drawSize>1.5</drawSize>
        </bodyGraphicData>
        <dessicatedBodyGraphicData>
          <texPath>Things/Pawn/Animal/OakAspect/Dessicated_OakForm</texPath>
          <drawSize>1.5</drawSize>
        </dessicatedBodyGraphicData>
      </li>
      <li>
        <bodyGraphicData>
          <texPath>Things/Pawn/Animal/OakAspect/OakForm</texPath>
          <drawSize>1.7</drawSize>
        </bodyGraphicData>
        <dessicatedBodyGraphicData>
          <texPath>Things/Pawn/Animal/OakAspect/Dessicated_OakForm</texPath>
          <drawSize>1.7</drawSize>
        </dessicatedBodyGraphicData>
      </li>
      <li>
        <bodyGraphicData>
          <texPath>Things/Pawn/Animal/OakAspect/OakForm</texPath>
          <drawSize>2</drawSize>
        </bodyGraphicData>
        <dessicatedBodyGraphicData>
          <texPath>Things/Pawn/Animal/OakAspect/Dessicated_OakForm</texPath>
          <drawSize>2</drawSize>
        </dessicatedBodyGraphicData>
      </li>
    </lifeStages>
    <apparelMoney>
      <min>-10</min>
      <max>-10</max>
    </apparelMoney>
    <weaponMoney>
      <min>0</min>
      <max>0</max>
    </weaponMoney>
    <weaponTags>
      <li>None</li>
    </weaponTags>
  </PawnKindDef>

  <PawnKindDef ParentName="BaseTreeRevenant">
    <defName>DryadWillowAspect</defName>
    <label>willow aspect</label>
    <labelPlural>willow aspects</labelPlural>
    <race>DryadWillowAspect</race>
    <combatPower>90</combatPower>
    <lifeStages>
      <li>
        <bodyGraphicData>
          <texPath>Things/Pawn/Animal/WillowAspect/WillowForm</texPath>
          <drawSize>1.3</drawSize>
        </bodyGraphicData>
        <dessicatedBodyGraphicData>
          <texPath>Things/Pawn/Animal/WillowAspect/Dessicated_Willow</texPath>
          <drawSize>1.3</drawSize>
        </dessicatedBodyGraphicData>
      </li>
      <li>
        <bodyGraphicData>
          <texPath>Things/Pawn/Animal/WillowAspect/WillowForm</texPath>
          <drawSize>1.5</drawSize>
        </bodyGraphicData>
        <dessicatedBodyGraphicData>
          <texPath>Things/Pawn/Animal/WillowAspect/Dessicated_Willow</texPath>
          <drawSize>1.5</drawSize>
        </dessicatedBodyGraphicData>
      </li>
      <li>
        <bodyGraphicData>
          <texPath>Things/Pawn/Animal/WillowAspect/WillowForm</texPath>
          <drawSize>1.7</drawSize>
        </bodyGraphicData>
        <dessicatedBodyGraphicData>
          <texPath>Things/Pawn/Animal/WillowAspect/Dessicated_Willow</texPath>
          <drawSize>1.7</drawSize>
        </dessicatedBodyGraphicData>
      </li>
    </lifeStages>
    <apparelMoney>
      <min>-10</min>
      <max>-10</max>
    </apparelMoney>
    <weaponMoney>
      <min>9999</min>
      <max>9999</max>
    </weaponMoney>
    <weaponTags>
      <li>DryadWillow</li>
    </weaponTags>
  </PawnKindDef>
  
  <PawnKindDef>
    <defName>DryadSpiteRevenantAnimal</defName>
    <label>spite-revenant</label>
    <race>DryadSpiteRevenantAnimal</race>
    <combatPower>30</combatPower>
    <lifeStages>
      <li>
        <bodyGraphicData>
          <texPath>Things/Pawn/Animal/Revenants/Revenant</texPath>
          <drawSize>1</drawSize>
        </bodyGraphicData>
        <dessicatedBodyGraphicData>
          <texPath>Things/Pawn/Animal/Revenants/Dessicated_Revenant</texPath>
          <drawSize>1</drawSize>
        </dessicatedBodyGraphicData>
      </li>
      <li>
        <bodyGraphicData>
          <texPath>Things/Pawn/Animal/Revenants/Revenant</texPath>
          <drawSize>1.3</drawSize>
        </bodyGraphicData>
        <dessicatedBodyGraphicData>
          <texPath>Things/Pawn/Animal/Revenants/Dessicated_Revenant</texPath>
          <drawSize>1.3</drawSize>
        </dessicatedBodyGraphicData>
      </li>
      <li>
        <bodyGraphicData>
          <texPath>Things/Pawn/Animal/Revenants/Revenant</texPath>
          <drawSize>1.6</drawSize>
        </bodyGraphicData>
        <dessicatedBodyGraphicData>
          <texPath>Things/Pawn/Animal/Revenants/Dessicated_Revenant</texPath>
          <drawSize>1.6</drawSize>
        </dessicatedBodyGraphicData>
      </li>
    </lifeStages>
  </PawnKindDef>

</Defs>