<?xml version="1.0" encoding="utf-8" ?>
<Defs>

  <PawnKindDef Name="DryadWild" Abstract="True">
    <defaultFactionType>WildDryad</defaultFactionType>
    <baseRecruitDifficulty>0.9</baseRecruitDifficulty>
    <chemicalAddictionChance>0</chemicalAddictionChance>
    <invNutrition>0</invNutrition>
    <apparelIgnoreSeasons>true</apparelIgnoreSeasons>
  </PawnKindDef>

  <PawnKindDef ParentName="DryadWild">
    <defName>BranchHunter</defName>
    <label>branch-hunter</label>
    <race>Alien_DryadWild</race>
    <factionLeader>false</factionLeader>
    <combatPower>75</combatPower>
    <defaultFactionType>WildDryad</defaultFactionType>
    <backstoryFiltersOverride>
      <li>
        <categories>
          <li>DryadWild</li>
        </categories>
      </li>
    </backstoryFiltersOverride>
    <minGenerationAge>15</minGenerationAge>
    <maxGenerationAge>600</maxGenerationAge>
    <techHediffsChance>0</techHediffsChance>
    <techHediffsMoney>
      <min>0</min>
      <max>0</max>
    </techHediffsMoney>
    <apparelTags>
      <li>Dryadic</li>
    </apparelTags>
    <gearHealthRange>
      <min>0.5</min>
      <max>0.9</max>
    </gearHealthRange>
    <itemQuality>Poor</itemQuality>
    <apparelMoney>
      <min>0</min>
      <max>200</max>
    </apparelMoney>
    <weaponMoney>
      <min>200</min>
      <max>1000</max>
    </weaponMoney>
    <weaponTags>
      <li>NeolithicRangedHeavy</li>
      <li>NeolithicRangedDecent</li>
    </weaponTags>
  </PawnKindDef>

  <PawnKindDef ParentName="DryadWild">
    <defName>BranchWraith</defName>
    <label>branch-wraith</label>
    <race>Alien_DryadWild</race>
    <factionLeader>false</factionLeader>
    <combatPower>100</combatPower>
    <defaultFactionType>WildDryad</defaultFactionType>
    <backstoryFiltersOverride>
      <li>
        <categories>
          <li>DryadWild</li>
        </categories>
      </li>
    </backstoryFiltersOverride>
    <minGenerationAge>15</minGenerationAge>
    <maxGenerationAge>600</maxGenerationAge>
    <techHediffsChance>0</techHediffsChance>
    <techHediffsMoney>
      <min>0</min>
      <max>0</max>
    </techHediffsMoney>
    <apparelTags>
      <li>Dryadic</li>
    </apparelTags>
    <gearHealthRange>
      <min>0.5</min>
      <max>0.9</max>
    </gearHealthRange>
    <itemQuality>Poor</itemQuality>
    <apparelMoney>
      <min>0</min>
      <max>200</max>
    </apparelMoney>
    <weaponMoney>
      <min>750</min>
      <max>1000</max>
    </weaponMoney>
    <weaponTags>
      <li>DryadHigh</li>
    </weaponTags>
  </PawnKindDef>

  <!-- Tribal -->

  <PawnKindDef ParentName="DryadWild">
    <defName>DryadTribal_Penitent</defName>
    <label>penitent</label>
    <race>Human</race>
    <combatPower>45</combatPower>
    <chemicalAddictionChance>0.10</chemicalAddictionChance>
    <invNutrition>0</invNutrition>
    <itemQuality>Poor</itemQuality>
    <gearHealthRange>0.2~1.1</gearHealthRange>
    <backstoryFiltersOverride>
      <li>
        <categories>
          <li>Tribal</li>
        </categories>
      </li>
    </backstoryFiltersOverride>
    <apparelMoney>50~100</apparelMoney>
    <weaponMoney>90~150</weaponMoney>
    <apparelTags>
      <li>Neolithic</li>
    </apparelTags>
    <weaponTags>
      <li>NeolithicMeleeBasic</li>
    </weaponTags>
    <apparelRequired>
      <li>Apparel_DryadicMask</li>
    </apparelRequired>
    <techHediffsMoney>
      <min>9999</min>
      <max>9999</max>
    </techHediffsMoney>
    <techHediffsTags>
      <li>WildDryadSeedLow</li>
    </techHediffsTags>
    <techHediffsChance>1</techHediffsChance>
  </PawnKindDef>

  <PawnKindDef ParentName="DryadWild">
    <defName>DryadTribal_Warrior</defName>
    <label>warrior</label>
    <race>Human</race>
    <combatPower>100</combatPower>
    <itemQuality>Poor</itemQuality>
    <canBeSapper>true</canBeSapper>
    <backstoryFiltersOverride>
      <li>
        <categories>
          <li>Tribal</li>
        </categories>
      </li>
    </backstoryFiltersOverride>
    <gearHealthRange>0.5~1.8</gearHealthRange>
    <apparelMoney>200~300</apparelMoney>
    <apparelTags>
      <li>Neolithic</li>
    </apparelTags>
    <apparelRequired>
      <li>Apparel_DryadicMask</li>
    </apparelRequired>
    <weaponMoney>150~150</weaponMoney>
    <weaponTags>
      <li>NeolithicMeleeDecent</li>
    </weaponTags>
    <techHediffsMoney>
      <min>9999</min>
      <max>9999</max>
    </techHediffsMoney>
    <techHediffsTags>
      <li>WildDryadSeedMid</li>
    </techHediffsTags>
    <techHediffsChance>1</techHediffsChance>
  </PawnKindDef>

  <PawnKindDef ParentName="DryadWild">
    <defName>DryadTribal_Berserker</defName>
    <label>berserker</label>
    <race>Human</race>
    <combatPower>120</combatPower>
    <canBeSapper>true</canBeSapper>
    <apparelMoney>200~550</apparelMoney>
    <apparelTags>
      <li>Neolithic</li>
    </apparelTags>
    <backstoryFiltersOverride>
      <li>
        <categories>
          <li>Tribal</li>
        </categories>
      </li>
    </backstoryFiltersOverride>
    <apparelRequired>
      <li>Apparel_DryadicMask</li>
    </apparelRequired>
    <weaponMoney>300~300</weaponMoney>
    <weaponTags>
      <li>NeolithicMeleeAdvanced</li>
    </weaponTags>
    <techHediffsMoney>
      <min>9999</min>
      <max>9999</max>
    </techHediffsMoney>
    <techHediffsTags>
      <li>WildDryadSeedMid</li>
    </techHediffsTags>
    <techHediffsChance>1</techHediffsChance>
  </PawnKindDef>

  <PawnKindDef ParentName="DryadWild">
    <defName>DryadTribal_ChiefMelee</defName>
    <combatPower>150</combatPower>
    <race>Human</race>
    <baseRecruitDifficulty>0.90</baseRecruitDifficulty>
    <minGenerationAge>30</minGenerationAge>
    <maxGenerationAge>999</maxGenerationAge>
    <itemQuality>Normal</itemQuality>
    <factionLeader>true</factionLeader>
    <canBeSapper>true</canBeSapper>
    <apparelMoney>450~750</apparelMoney>
    <apparelTags>
      <li>Neolithic</li>
    </apparelTags>
    <backstoryFiltersOverride>
      <li>
        <categories>
          <li>Tribal</li>
        </categories>
      </li>
    </backstoryFiltersOverride>
    <apparelRequired>
      <li>Apparel_DryadicMask</li>
      <li>Apparel_PlateArmor</li>
    </apparelRequired>
    <weaponMoney>500~1000</weaponMoney>
    <weaponTags>
      <li>NeolithicMeleeAdvanced</li>
      <li>MedievalMeleeAdvanced</li>
    </weaponTags>
    <techHediffsMoney>
      <min>9999</min>
      <max>9999</max>
    </techHediffsMoney>
    <techHediffsTags>
      <li>WildDryadSeedMid</li>
    </techHediffsTags>
    <techHediffsChance>1</techHediffsChance>
  </PawnKindDef>

</Defs>