<?xml version="1.0" encoding="utf-8" ?>
<Defs>
  
  <PawnKindDef Name="DryadBase" Abstract="True">
    <label>dryadic</label>
    <combatPower>40</combatPower>
    <baseRecruitDifficulty>1</baseRecruitDifficulty>
    <isFighter>false</isFighter>
    <apparelIgnoreSeasons>true</apparelIgnoreSeasons>
    <forceNormalGearQuality>true</forceNormalGearQuality>
    <chemicalAddictionChance>0.10</chemicalAddictionChance>
    <apparelAllowHeadgearChance>0</apparelAllowHeadgearChance>
  </PawnKindDef>

	<PawnKindDef ParentName="DryadBase">
		<defName>DryadGood</defName>
		<label>dryad</label>
		<race>Alien_Dryad</race>
		<defaultFactionType>PlayerColony</defaultFactionType>
    <backstoryFiltersOverride>
      <li>
        <categories>
          <li>DryadGood</li>
        </categories>
      </li>
    </backstoryFiltersOverride>
		<chemicalAddictionChance>0.00</chemicalAddictionChance>
		<apparelTags>
      <li>Dryadic</li>
		</apparelTags>
		<apparelMoney>
			<min>0</min>
			<max>0</max>
		</apparelMoney>
		<weaponTags>
      <li>NeolithicRangedHeavy</li>
      <li>NeolithicRangedDecent</li>
    </weaponTags>
		<weaponMoney>
			<min>0</min>
			<max>0</max>
		</weaponMoney>
		<backstoryCryptosleepCommonality>0</backstoryCryptosleepCommonality>
	</PawnKindDef>

	<PawnKindDef ParentName="DryadBase">
		<defName>DryadBad</defName>
		<label>dryad</label>
		<race>Alien_Dryad</race>
		<defaultFactionType>WildDryad</defaultFactionType>
    <backstoryFiltersOverride>
      <li>
        <categories>
          <li>DryadBad</li>
        </categories>
      </li>
    </backstoryFiltersOverride>
		<chemicalAddictionChance>0.00</chemicalAddictionChance>
		<apparelTags>
      <li>Dryadic</li>
		</apparelTags>
		<apparelMoney>
			<min>0</min>
			<max>0</max>
		</apparelMoney>
		<weaponTags>
      <li>NeolithicRangedHeavy</li>
      <li>NeolithicRangedDecent</li>
		</weaponTags>
		<weaponMoney>
			<min>0</min>
			<max>0</max>
		</weaponMoney>
		<backstoryCryptosleepCommonality>0</backstoryCryptosleepCommonality>
	</PawnKindDef>

  <PawnKindDef ParentName="DryadBase">
    <defName>WildDryadGood</defName>
    <label>wild dryad</label>
    <race>Alien_DryadWild</race>
    <defaultFactionType>PlayerColony</defaultFactionType>
    <backstoryFiltersOverride>
      <li>
        <categories>
          <li>DryadWildSpawn</li>
        </categories>
      </li>
    </backstoryFiltersOverride>
    <chemicalAddictionChance>0.00</chemicalAddictionChance>
    <apparelTags>
      <li>Dryadic</li>
    </apparelTags>
    <apparelMoney>
      <min>0</min>
      <max>0</max>
    </apparelMoney>
    <weaponTags>
      <li>NeolithicRangedHeavy</li>
    </weaponTags>
    <weaponMoney>
      <min>0</min>
      <max>0</max>
    </weaponMoney>
    <backstoryCryptosleepCommonality>0</backstoryCryptosleepCommonality>
  </PawnKindDef>

  <PawnKindDef ParentName="DryadBase">
    <defName>WildDryadBad</defName>
    <label>wild dryad</label>
    <race>Alien_DryadWild</race>
    <defaultFactionType>WildDryad</defaultFactionType>
    <backstoryFiltersOverride>
      <li>
        <categories>
          <li>DryadWildSpawn</li>
        </categories>
      </li>
    </backstoryFiltersOverride>
    <chemicalAddictionChance>0.00</chemicalAddictionChance>
    <apparelTags>
      <li>Dryadic</li>
    </apparelTags>
    <apparelMoney>
      <min>0</min>
      <max>0</max>
    </apparelMoney>
    <weaponTags>
      <li>NeolithicRangedHeavy</li>
    </weaponTags>
    <weaponMoney>
      <min>0</min>
      <max>0</max>
    </weaponMoney>
    <backstoryCryptosleepCommonality>0</backstoryCryptosleepCommonality>
  </PawnKindDef>

</Defs>