﻿<?xml version="1.0" encoding="utf-8" ?>
<Defs>

  <ThingDef ParentName="BuildingBase">
    <defName>Turret_DryadArm</defName>
    <label>protective arm</label>
    <description>A weak arm clawing after any foe that's within reach.</description>
    <thingClass>Building_TurretGun</thingClass>
    <graphicData>
      <texPath>Things/Building/DryadTurret/ArmTurret</texPath>
      <graphicClass>Graphic_Single</graphicClass>
      <drawSize>(2)</drawSize>
      <shaderType>CutoutComplex</shaderType>
      <shadowData>
        <volume>(0.27,0.25,0.27)</volume>
        <offset>(0,0,0)</offset>
      </shadowData>
    </graphicData>
    <uiIconPath>Things/Building/DryadTurret/ArmTurretIcon</uiIconPath>
    <uiIconScale>0.90</uiIconScale>
    <minifiedDef>MinifiedThing</minifiedDef>
    <altitudeLayer>Building</altitudeLayer>
    <stealable>false</stealable>
    <rotatable>false</rotatable>
    <thingCategories>
      <li>BuildingsSecurity</li>
    </thingCategories>
    <statBases>
      <MaxHitPoints>200</MaxHitPoints>
      <Flammability>1</Flammability>
      <WorkToBuild>7000</WorkToBuild>
      <Mass>10</Mass>
      <Beauty>-10</Beauty>
      <ShootingAccuracyTurret>0.96</ShootingAccuracyTurret>
    </statBases>
    <tickerType>Normal</tickerType>
    <comps>
      <li Class="CompProperties_Explosive">
        <explosiveRadius>1</explosiveRadius>
        <explosiveDamageType>Bomb</explosiveDamageType>
      </li>
    </comps>
    <passability>PassThroughOnly</passability>
    <pathCost>50</pathCost>
    <fillPercent>0.4</fillPercent>
    <hasTooltip>true</hasTooltip>
    <stuffCategories>
      <li>Woody</li>
    </stuffCategories>
    <costStuffCount>50</costStuffCount>
    <costList>
      <DryadArm>1</DryadArm>
    </costList>
    <terrainAffordanceNeeded>Light</terrainAffordanceNeeded>
    <designationCategory>Security</designationCategory>
    <specialDisplayRadius>5</specialDisplayRadius>
    <building>
      <ai_combatDangerous>true</ai_combatDangerous>
      <turretGunDef>Gun_DryadArm</turretGunDef>
      <turretBurstCooldownTime>2</turretBurstCooldownTime>
    </building>
    <placeWorkers>
      <li>PlaceWorker_TurretTop</li>
      <li>PlaceWorker_ShowTurretRadius</li>
    </placeWorkers>
    <designationHotKey>Misc2</designationHotKey>
    <researchPrerequisites>
      <li>DryadRevenant</li>
    </researchPrerequisites>
  </ThingDef>

  <ThingDef ParentName="BaseBullet">
    <defName>Bullet_ArmTurret</defName>
    <label>revenant projectile</label>
    <graphicData>
      <texPath>Things/Projectile/ArmTurretBullet</texPath>
      <graphicClass>Graphic_Single</graphicClass>
    </graphicData>
    <projectile>
      <damageDef>Cut</damageDef>
      <damageAmountBase>8</damageAmountBase>
      <speed>70</speed>
    </projectile>
  </ThingDef>

  <ThingDef ParentName="BaseWeaponTurret">
    <defName>Gun_DryadArm</defName>
    <label>dryad arm</label>
    <description>The arm of a guard turret.</description>
    <graphicData>
      <texPath>Things/Building/DryadTurret/ArmTurretTip</texPath>
      <graphicClass>Graphic_Single</graphicClass>
    </graphicData>
    <soundInteract>Pawn_BigInsect_Angry</soundInteract>
    <menuHidden>true</menuHidden>
    <destroyOnDrop>true</destroyOnDrop>
    <tradeability>None</tradeability>
    <useHitPoints>false</useHitPoints>
    <statBases>
      <AccuracyTouch>0.9</AccuracyTouch>
      <AccuracyShort>0.75</AccuracyShort>
      <AccuracyMedium>0.55</AccuracyMedium>
      <AccuracyLong>0.50</AccuracyLong>
      <RangedWeapon_Cooldown>2</RangedWeapon_Cooldown>
      <DeteriorationRate>0</DeteriorationRate>
      <Mass>5</Mass>
      <Flammability>0</Flammability>
    </statBases>
    <weaponTags Inherit="false">
      <li>TurretGun</li>
    </weaponTags>
    <verbs>
      <li>
        <verbClass>Verb_Shoot</verbClass>
        <hasStandardCommand>true</hasStandardCommand>
        <defaultProjectile>Bullet_ArmTurret</defaultProjectile>
        <warmupTime>0</warmupTime>
        <range>5</range>
        <ticksBetweenBurstShots>8</ticksBetweenBurstShots>
        <burstShotCount>1</burstShotCount>
        <soundCast>Pawn_BigInsect_Angry</soundCast>
        <soundCastTail>GunTail_Light</soundCastTail>
        <muzzleFlashScale>0.1</muzzleFlashScale>
        <consumeFuelPerShot>0</consumeFuelPerShot>
      </li>
    </verbs>
  </ThingDef>

  <ThingDef ParentName="BuildingBase">
    <defName>Turret_DryadRevenant</defName>
    <label>bound revenant</label>
    <description>A weak revenant who will lash out at approaching foes. It has a short range and it explode in a small radius at death.</description>
    <thingClass>Building_TurretGun</thingClass>
    <graphicData>
      <texPath>Things/Building/DryadTurret/RevenantTurret</texPath>
      <graphicClass>Graphic_Single</graphicClass>
      <drawSize>(2)</drawSize>
      <shaderType>CutoutComplex</shaderType>
      <shadowData>
        <volume>(0.27,0.25,0.27)</volume>
        <offset>(0,0,0)</offset>
      </shadowData>
    </graphicData>
    <uiIconPath>Things/Building/DryadTurret/RevenantTurretIcon</uiIconPath>
    <uiIconScale>0.90</uiIconScale>
    <minifiedDef>MinifiedThing</minifiedDef>
    <altitudeLayer>Building</altitudeLayer>
    <stealable>false</stealable>
    <rotatable>false</rotatable>
    <thingCategories>
      <li>BuildingsSecurity</li>
    </thingCategories>
    <statBases>
      <MaxHitPoints>400</MaxHitPoints>
      <Flammability>1</Flammability>
      <WorkToBuild>10000</WorkToBuild>
      <Mass>10</Mass>
      <Beauty>-10</Beauty>
      <ShootingAccuracyTurret>0.96</ShootingAccuracyTurret>
    </statBases>
    <tickerType>Normal</tickerType>
    <comps>
      <li Class="CompProperties_Explosive">
        <explosiveRadius>1</explosiveRadius>
        <explosiveDamageType>Bomb</explosiveDamageType>
      </li>
    </comps>
    <passability>PassThroughOnly</passability>
    <pathCost>50</pathCost>
    <fillPercent>0.4</fillPercent>
    <hasTooltip>true</hasTooltip>
    <stuffCategories>
      <li>Woody</li>
    </stuffCategories>
    <costStuffCount>50</costStuffCount>
    <costList>
      <DryadicHeart>1</DryadicHeart>
    </costList>
    <terrainAffordanceNeeded>Light</terrainAffordanceNeeded>
    <designationCategory>Security</designationCategory>
    <specialDisplayRadius>10</specialDisplayRadius>
    <building>
      <ai_combatDangerous>true</ai_combatDangerous>
      <turretGunDef>Gun_DryadRevenant</turretGunDef>
      <turretBurstCooldownTime>2</turretBurstCooldownTime>
    </building>
    <placeWorkers>
      <li>PlaceWorker_TurretTop</li>
      <li>PlaceWorker_ShowTurretRadius</li>
    </placeWorkers>
    <designationHotKey>Misc2</designationHotKey>
    <researchPrerequisites>
      <li>DryadRevenant</li>
    </researchPrerequisites>
  </ThingDef>

  <ThingDef ParentName="BaseBullet">
    <defName>Bullet_RevenantTurret</defName>
    <label>revenant projectile</label>
    <graphicData>
      <texPath>Things/Projectile/RevenantTurretBullet</texPath>
      <graphicClass>Graphic_Single</graphicClass>
    </graphicData>
    <projectile>
      <damageDef>Cut</damageDef>
      <damageAmountBase>14</damageAmountBase>
      <speed>70</speed>
    </projectile>
  </ThingDef>

  <ThingDef ParentName="BaseWeaponTurret">
    <defName>Gun_DryadRevenant</defName>
    <label>revenant hand</label>
    <description>The hand of a guarding revenant.</description>
    <graphicData>
      <texPath>Things/Building/DryadTurret/RevenantTurretTip</texPath>
      <graphicClass>Graphic_Single</graphicClass>
    </graphicData>
    <soundInteract>Pawn_BigInsect_Angry</soundInteract>
    <menuHidden>true</menuHidden>
    <destroyOnDrop>true</destroyOnDrop>
    <tradeability>None</tradeability>
    <useHitPoints>false</useHitPoints>
    <statBases>
      <AccuracyTouch>0.9</AccuracyTouch>
      <AccuracyShort>0.75</AccuracyShort>
      <AccuracyMedium>0.55</AccuracyMedium>
      <AccuracyLong>0.50</AccuracyLong>
      <RangedWeapon_Cooldown>2</RangedWeapon_Cooldown>
      <DeteriorationRate>0</DeteriorationRate>
      <Mass>5</Mass>
      <Flammability>0</Flammability>
    </statBases>
    <weaponTags Inherit="false">
      <li>TurretGun</li>
    </weaponTags>
    <verbs>
      <li>
        <verbClass>Verb_Shoot</verbClass>
        <hasStandardCommand>true</hasStandardCommand>
        <defaultProjectile>Bullet_RevenantTurret</defaultProjectile>
        <warmupTime>0</warmupTime>
        <range>10</range>
        <ticksBetweenBurstShots>8</ticksBetweenBurstShots>
        <burstShotCount>1</burstShotCount>
        <soundCast>Pawn_BigInsect_Angry</soundCast>
        <soundCastTail>GunTail_Light</soundCastTail>
        <muzzleFlashScale>0.1</muzzleFlashScale>
        <consumeFuelPerShot>0</consumeFuelPerShot>
      </li>
    </verbs>
  </ThingDef>
  
</Defs>
