﻿<?xml version="1.0" encoding="utf-8" ?>
<Defs>

  <ThingDef ParentName="BuildingBase" Name="DryadSculptureBase" Abstract="True">
    <thingClass>Building_Art</thingClass>
    <altitudeLayer>Building</altitudeLayer>
    <passability>PassThroughOnly</passability>
    <pathCost>70</pathCost>
    <castEdgeShadows>false</castEdgeShadows>
    <useHitPoints>true</useHitPoints>
    <minifiedDef>MinifiedThing</minifiedDef>
    <thingCategories>
      <li>BuildingsArt</li>
    </thingCategories>
    <statBases>
      <Flammability>1.0</Flammability>
      <SellPriceFactor>1.10</SellPriceFactor>
    </statBases>
    <comps>
      <li>
        <compClass>CompQuality</compClass>
      </li>
      <li Class="CompProperties_Art">
        <nameMaker>NamerArtSculpture</nameMaker>
        <descriptionMaker>ArtDescription_Sculpture</descriptionMaker>
        <canBeEnjoyedAsArt>true</canBeEnjoyedAsArt>
      </li>
    </comps>
    <inspectorTabs>
      <li>ITab_Art</li>
    </inspectorTabs>
    <recipeMaker>
      <workSpeedStat>GeneralLaborSpeed</workSpeedStat>
      <workSkill>Artistic</workSkill>
      <unfinishedThingDef>UnfinishedDryadSculpture</unfinishedThingDef>
      <effectWorking>Sculpt</effectWorking>
      <soundWorking>Recipe_Sculpt</soundWorking>
      <recipeUsers>
        <li>DryadSculptureSpot</li>
      </recipeUsers>
      <defaultIngredientFilter>
        <categories>
          <li>Root</li>
        </categories>
        <disallowedThingDefs>
          <li>Gold</li>
          <li>Silver</li>
          <li>Plasteel</li>
          <li>Jade</li>
          <li>Uranium</li>
        </disallowedThingDefs>
      </defaultIngredientFilter>
    </recipeMaker>
    <researchPrerequisites>
      <li>DryadSculpture</li>
    </researchPrerequisites>
  </ThingDef>

  <ThingDef ParentName="BuildingBase" Name="DryadFurnitureBase" Abstract="True">
    <thingClass>Building_Art</thingClass>
    <altitudeLayer>Building</altitudeLayer>
    <passability>PassThroughOnly</passability>
    <pathCost>70</pathCost>
    <castEdgeShadows>false</castEdgeShadows>
    <useHitPoints>true</useHitPoints>
    <minifiedDef>MinifiedThing</minifiedDef>
    <thingCategories>
      <li>BuildingsArt</li>
    </thingCategories>
    <statBases>
      <Flammability>1.0</Flammability>
      <SellPriceFactor>1.10</SellPriceFactor>
    </statBases>
    <comps>
      <li>
        <compClass>CompQuality</compClass>
      </li>
      <li Class="CompProperties_Art">
        <nameMaker>NamerArtSculpture</nameMaker>
        <descriptionMaker>ArtDescription_Sculpture</descriptionMaker>
        <canBeEnjoyedAsArt>true</canBeEnjoyedAsArt>
      </li>
    </comps>
    <inspectorTabs>
      <li>ITab_Art</li>
    </inspectorTabs>
    <recipeMaker>
      <workSpeedStat>GeneralLaborSpeed</workSpeedStat>
      <workSkill>Artistic</workSkill>
      <unfinishedThingDef>UnfinishedDryadSculpture</unfinishedThingDef>
      <effectWorking>Sculpt</effectWorking>
      <soundWorking>Recipe_Sculpt</soundWorking>
      <recipeUsers>
        <li>DryadFurnitureSpot</li>
      </recipeUsers>
      <defaultIngredientFilter>
        <categories>
          <li>Root</li>
        </categories>
        <disallowedThingDefs>
          <li>Gold</li>
          <li>Silver</li>
          <li>Plasteel</li>
          <li>Jade</li>
          <li>Uranium</li>
        </disallowedThingDefs>
      </defaultIngredientFilter>
    </recipeMaker>
    <researchPrerequisites>
      <li>DryadDecorative</li>
    </researchPrerequisites>
  </ThingDef>

  <!--================================ Sculptures ======================================-->

  <ThingDef ParentName="DryadSculptureBase">
    <defName>DryadSculptureSmall</defName>
    <label>small dryadic sculpture</label>
    <description>A small statue.</description>
    <graphicData>
      <graphicClass>Graphic_Random</graphicClass>
      <texPath>Things/Building/Art/SmallStatue</texPath>
      <drawSize>(1.2)</drawSize>
      <drawRotated>false</drawRotated>
    </graphicData>
    <rotatable>false</rotatable>
    <fillPercent>0.35</fillPercent>
    <statBases>
      <MaxHitPoints>90</MaxHitPoints>
      <Mass>6</Mass>
      <Beauty>50</Beauty>
      <WorkToMake>18000</WorkToMake>
    </statBases>
    <stuffCategories>
      <li>Metallic</li>
      <li>Woody</li>
      <li>Stony</li>
    </stuffCategories>
    <costStuffCount>50</costStuffCount>
  </ThingDef>

  <ThingDef ParentName="DryadSculptureBase">
    <defName>DryadSculptureLarge</defName>
    <label>large dryadic sculpture</label>
    <description>A large statue.</description>
    <graphicData>
      <graphicClass>Graphic_Random</graphicClass>
      <texPath>Things/Building/Art/MediumStatue</texPath>
      <drawSize>(2.4)</drawSize>
      <drawRotated>false</drawRotated>
    </graphicData>
    <rotatable>false</rotatable>
    <fillPercent>0.5</fillPercent>
    <passability>Impassable</passability>
    <statBases>
      <MaxHitPoints>150</MaxHitPoints>
      <Mass>10</Mass>
      <Beauty>100</Beauty>
			<WorkToMake>30000</WorkToMake>
	</statBases>
    <stuffCategories>
      <li>Metallic</li>
      <li>Woody</li>
      <li>Stony</li>
    </stuffCategories>
    <costStuffCount>100</costStuffCount>
  </ThingDef>

  <ThingDef ParentName="DryadSculptureBase">
    <defName>DryadMassiveStatue</defName>
    <label>massive dryadic statue</label>
    <description>A massive statue.</description>
    <graphicData>
      <graphicClass>Graphic_Random</graphicClass>
      <texPath>Things/Building/Art/LargeStatue</texPath>
      <drawSize>(2.8)</drawSize>
    </graphicData>
    <castEdgeShadows>false</castEdgeShadows>
    <size>(2,2)</size>
    <minifiedDef>MinifiedThing</minifiedDef>
    <fillPercent>0.5</fillPercent>
    <rotatable>false</rotatable>
    <statBases>
      <MaxHitPoints>250</MaxHitPoints>
      <Beauty>240</Beauty>
      <WorkToMake>65000</WorkToMake>
      <Mass>25</Mass>
    </statBases>
    <stuffCategories>
      <li>Metallic</li>
      <li>Woody</li>
      <li>Stony</li>
    </stuffCategories>
    <costStuffCount>220</costStuffCount>
  </ThingDef>

  <ThingDef ParentName="DryadSculptureBase">
    <defName>DryadPillarLarge</defName>
    <label>large dryadic pillar</label>
    <description>A large pillar capable of holding a roof.</description>
    <graphicData>
      <graphicClass>Graphic_Random</graphicClass>
      <texPath>Things/Building/Art/DryadPillar</texPath>
      <drawSize>(2.6)</drawSize>
      <drawRotated>false</drawRotated>
    </graphicData>
    <rotatable>false</rotatable>
    <fillPercent>0.5</fillPercent>
    <passability>Impassable</passability>
    <holdsRoof>true</holdsRoof>
    <statBases>
      <MaxHitPoints>300</MaxHitPoints>
      <Mass>30</Mass>
      <Beauty>100</Beauty>
      <WorkToMake>30000</WorkToMake>
    </statBases>
    <stuffCategories>
      <li>Metallic</li>
      <li>Woody</li>
      <li>Stony</li>
    </stuffCategories>
    <costStuffCount>100</costStuffCount>
  </ThingDef>

  <ThingDef ParentName="DryadFurnitureBase">
    <defName>DryadBasin</defName>
    <label>decorative basin</label>
    <description>A decorative basin for flowers.</description>
    <thingClass>Building_PlantGrower</thingClass>
    <graphicData>
      <texPath>Things/Building/Art/DryadBasin</texPath>
      <graphicClass>Graphic_Random</graphicClass>
      <drawSize>(1.2)</drawSize>
      <drawRotated>false</drawRotated>
      <allowFlip>true</allowFlip>
      <shadowData>
        <volume>(0.23, 0.26, 0.23)</volume>
      </shadowData>
    </graphicData>
    <fillPercent>0.5</fillPercent>
    <passability>PassThroughOnly</passability>
    <pathCost>40</pathCost>
    <rotatable>true</rotatable>
    <statBases>
      <MaxHitPoints>90</MaxHitPoints>
      <Mass>6</Mass>
      <Beauty>50</Beauty>
      <WorkToMake>18000</WorkToMake>
    </statBases>
    <stuffCategories>
      <li>Metallic</li>
      <li>Woody</li>
      <li>Stony</li>
    </stuffCategories>
    <costStuffCount>50</costStuffCount>
    <fertility>1.0</fertility>
    <building>
      <defaultPlantToGrow>Dryad_Hibiscus</defaultPlantToGrow>
      <sowTag>Decorative</sowTag>
    </building>
    <tickerType>Rare</tickerType>
    <comps>
      <li Class="CompProperties_Forbiddable"/>
    </comps>
  </ThingDef>

  <ThingDef ParentName="DryadFurnitureBase">
    <defName>DryadTable</defName>
    <label>decorative table</label>
    <description>A decorative table.</description>
    <thingClass>Building</thingClass>
    <graphicData>
      <texPath>Things/Building/Art/DryadTable/DryadTable</texPath>
      <graphicClass>Graphic_Single</graphicClass>
      <drawSize>(1.2)</drawSize>
      <shadowData>
        <volume>(0.23, 0.26, 0.23)</volume>
      </shadowData>
    </graphicData>
    <rotatable>false</rotatable>
    <altitudeLayer>Building</altitudeLayer>
    <uiIconScale>0.8</uiIconScale>
    <passability>PassThroughOnly</passability>
    <pathCost>60</pathCost>
    <fillPercent>0.4</fillPercent>
    <socialPropernessMatters>true</socialPropernessMatters>
    <surfaceType>Eat</surfaceType>
    <statBases>
      <MaxHitPoints>90</MaxHitPoints>
      <Mass>15</Mass>
      <Beauty>50</Beauty>
      <WorkToMake>18000</WorkToMake>
      <Flammability>0.5</Flammability>
    </statBases>
    <stuffCategories>
      <li>Metallic</li>
      <li>Woody</li>
      <li>Stony</li>
    </stuffCategories>
    <costStuffCount>50</costStuffCount>
  </ThingDef>

  <ThingDef ParentName="DryadFurnitureBase">
    <defName>DryadStool</defName>
    <label>decorative stool</label>
    <description>A decorative stool.</description>
    <graphicData>
      <texPath>Things/Building/Art/DryadStool/DryadStool</texPath>
      <graphicClass>Graphic_Single</graphicClass>
      <drawSize>(1)</drawSize>
      <shadowData>
        <volume>(0.23, 0.26, 0.23)</volume>
      </shadowData>
    </graphicData>
    <altitudeLayer>Building</altitudeLayer>
    <rotatable>false</rotatable>
    <uiIconScale>0.8</uiIconScale>
    <passability>Standable</passability>
    <pathCost>60</pathCost>
    <fillPercent>0.4</fillPercent>
    <statBases>
      <MaxHitPoints>90</MaxHitPoints>
      <Mass>4</Mass>
      <Beauty>25</Beauty>
      <WorkToMake>12000</WorkToMake>
      <Flammability>0.5</Flammability>
      <Comfort>0.7</Comfort>
    </statBases>
    <stuffCategories>
      <li>Metallic</li>
      <li>Woody</li>
      <li>Stony</li>
    </stuffCategories>
    <costStuffCount>30</costStuffCount>
    <building>
      <isSittable>true</isSittable>
    </building>
    <socialPropernessMatters>true</socialPropernessMatters>
  </ThingDef>

  <ThingDef ParentName="DryadFurnitureBase">
    <defName>DryadOrbStand</defName>
    <label>decorative stand</label>
    <description>A decorative orb stand. Let a dryad plant a orb to make it act as a lamp.</description>
    <thingClass>Building_PlantGrower</thingClass>
    <graphicData>
      <texPath>Things/Building/Art/DryadLamp/DryadOrbStand</texPath>
      <graphicClass>Graphic_Single</graphicClass>
      <drawSize>(1.1)</drawSize>
      <drawRotated>false</drawRotated>
      <shadowData>
        <volume>(0.23, 0.26, 0.23)</volume>
      </shadowData>
    </graphicData>
    <fillPercent>0.5</fillPercent>
    <passability>PassThroughOnly</passability>
    <pathCost>7</pathCost>
    <rotatable>false</rotatable>
    <statBases>
      <MaxHitPoints>70</MaxHitPoints>
      <Mass>2</Mass>
      <Beauty>50</Beauty>
      <WorkToMake>10000</WorkToMake>
    </statBases>
    <stuffCategories>
      <li>Metallic</li>
      <li>Woody</li>
      <li>Stony</li>
    </stuffCategories>
    <costStuffCount>50</costStuffCount>
    <fertility>1.0</fertility>
    <building>
      <defaultPlantToGrow>Dryad_GlowOrb</defaultPlantToGrow>
      <sowTag>DryadLamp</sowTag>
    </building>
    <tickerType>Rare</tickerType>
    <comps>
      <li Class="CompProperties_Forbiddable"/>
    </comps>
  </ThingDef>

</Defs>
