<?xml version="1.0" encoding="utf-8" ?>
<Defs>

  <RulePackDef>
    <defName>NamerDryad</defName>
    <rulePack>
      <rulesStrings>
        <li>name->[pack] [pack]</li>
      </rulesStrings>
      <rulesRaw>
        <li Class="Rule_File">
          <keyword>pack</keyword>
          <path>NameBanks/Names_Dryad</path>
        </li>
      </rulesRaw>
    </rulePack>
  </RulePackDef>

  <RulePackDef>
    <defName>NamerDryadFac</defName>
    <rulePack>
      <rulesStrings>
        <li>name->[pack]</li>
      </rulesStrings>
      <rulesRaw>
        <li Class="Rule_File">
          <keyword>pack</keyword>
          <path>NameBanks/Names_DryadFac</path>
        </li>
      </rulesRaw>
    </rulePack>
  </RulePackDef>

  <RulePackDef>
    <defName>NamerDryadBase</defName>
    <rulePack>
      <rulesStrings>
        <li>name->[pack]</li>
      </rulesStrings>
      <rulesRaw>
        <li Class="Rule_File">
          <keyword>pack</keyword>
          <path>NameBanks/Names_DryadBase</path>
        </li>
      </rulesRaw>
    </rulePack>
  </RulePackDef>

</Defs>