﻿<?xml version="1.0" encoding="utf-8" ?>
<Defs>

  <ThingDef ParentName="BuildingBase">
    <defName>DryadSleepingSpot</defName>
    <label>dryad resting rune</label>
    <description>A dryad resting at this spot will recover from injuries at a faster rate than normal. Needs to be in contact with the earth (diggable ground).</description>
    <thingClass>Building_Bed</thingClass>
    <graphicData>
      <texPath>Things/Building/DryadSleepingSpot/DryadSleepingSpot</texPath>
      <graphicClass>Graphic_Single</graphicClass>
      <drawSize>(1.7)</drawSize>
    </graphicData>
    <altitudeLayer>FloorEmplacement</altitudeLayer>
    <statBases>
      <WorkToBuild>200</WorkToBuild>
      <BedRestEffectiveness>1</BedRestEffectiveness>
      <Comfort>1</Comfort>
			<SurgerySuccessChanceFactor>1</SurgerySuccessChanceFactor>
    </statBases>
		<scatterableOnMapGen>false</scatterableOnMapGen>
    <useHitPoints>False</useHitPoints>
    <size>(1,1)</size>
    <uiIconScale>0.7</uiIconScale>
    <designationCategory>Furniture</designationCategory>
    <passability>Standable</passability>
    <drawGUIOverlay>True</drawGUIOverlay>
    <defaultPlacingRot>South</defaultPlacingRot>
    <building>
      <bed_showSleeperBody>True</bed_showSleeperBody>
      <sowTag>SupportPlantsOnly</sowTag>
      <canPlaceOverImpassablePlant>false</canPlaceOverImpassablePlant>
      <ai_chillDestination>false</ai_chillDestination>
      <bed_healPerDay>10</bed_healPerDay>
    </building>
    <terrainAffordanceNeeded>Diggable</terrainAffordanceNeeded>
    <designationHotKey>Misc1</designationHotKey>
		<comps>
			<li Class="CompProperties_RoomIdentifier">
				<roomStat>Impressiveness</roomStat>
			</li>
		</comps>
  </ThingDef>

  <ThingDef ParentName="BuildingBase">
    <defName>DryadSleepingSpotDouble</defName>
    <label>dryad resting rune double</label>
    <description>Resting spot for the dryad couple. A dryad resting at this spot will recover from injuries at a faster rate than normal. Needs to be in contact with the earth (diggable ground).</description>
    <thingClass>Building_Bed</thingClass>
    <graphicData>
      <texPath>Things/Building/DryadSleepingSpot/DryadSleepingSpotDouble</texPath>
      <graphicClass>Graphic_Single</graphicClass>
      <drawSize>(2)</drawSize>
    </graphicData>
    <altitudeLayer>FloorEmplacement</altitudeLayer>
    <statBases>
      <WorkToBuild>200</WorkToBuild>
      <BedRestEffectiveness>1</BedRestEffectiveness>
      <Comfort>1</Comfort>
      <SurgerySuccessChanceFactor>1</SurgerySuccessChanceFactor>
    </statBases>
    <scatterableOnMapGen>false</scatterableOnMapGen>
    <useHitPoints>False</useHitPoints>
    <size>(2,2)</size>
    <uiIconScale>0.9</uiIconScale>
    <designationCategory>Furniture</designationCategory>
    <passability>Standable</passability>
    <drawGUIOverlay>True</drawGUIOverlay>
    <defaultPlacingRot>South</defaultPlacingRot>
    <building>
      <bed_showSleeperBody>True</bed_showSleeperBody>
      <sowTag>SupportPlantsOnly</sowTag>
      <canPlaceOverImpassablePlant>false</canPlaceOverImpassablePlant>
      <ai_chillDestination>false</ai_chillDestination>
      <bed_healPerDay>10</bed_healPerDay>
    </building>
    <terrainAffordanceNeeded>Diggable</terrainAffordanceNeeded>
    <designationHotKey>Misc1</designationHotKey>
    <comps>
      <li Class="CompProperties_RoomIdentifier">
        <roomStat>Impressiveness</roomStat>
      </li>
    </comps>
  </ThingDef>


  <!--================================  <ThingDef ParentName="BedWithQualityBase">
    <defName>DryadBlanketDouble</defName>
    <label>double blanket</label>
    <description>A simple blanket to sleep on, when you need to share with a dryad.</description>
    <graphicData>
      <texPath>Things/Building/DryadSleepingSpot/DryadBlanketSpot</texPath>
      <graphicClass>Graphic_Single</graphicClass>
      <drawSize>(2.3)</drawSize>
    </graphicData>
    <castEdgeShadows>false</castEdgeShadows>
    <statBases>
      <Flammability>1.0</Flammability>
      <Mass>4.5</Mass>
      <BedRestEffectiveness>0.85</BedRestEffectiveness>
      <ImmunityGainSpeedFactor>1.05</ImmunityGainSpeedFactor>
      <Comfort>0.65</Comfort>
      <WorkToBuild>1000</WorkToBuild>
    </statBases>
    <comps>
      <li Class="CompProperties_AffectedByFacilities">
        <linkableFacilities>
          <li>Dresser</li>
          <li>EndTable</li>
        </linkableFacilities>
      </li>
    </comps>
    <size>(2,2)</size>
    <uiIconScale>1</uiIconScale>
    <stuffCategories>
      <li>Fabric</li>
      <li>Leathery</li>
    </stuffCategories>
    <costStuffCount>75</costStuffCount>
    <building>
      <bed_showSleeperBody>True</bed_showSleeperBody>
      <bed_healPerDay>4</bed_healPerDay>
      <bed_caravansCanUse>true</bed_caravansCanUse>
    </building>
    <passability>Standable</passability>
    <designationHotKey>Misc3</designationHotKey>
    <researchPrerequisites>
      <li>DryadBlanket</li>
    </researchPrerequisites>
  </ThingDef> Sculptures ======================================-->

  <ThingDef ParentName="BuildingBase">
    <defName>DryadSculptureSpot</defName>
    <label>dryad sculpture spot</label>
    <description>A place to sculpt dryadic themed sculptures. Needs to be in contact with the earth  (diggable ground).</description>
    <thingClass>Building_WorkTable</thingClass>
    <graphicData>
      <texPath>Things/Building/DryadSculptureSpot/DryadSculptureSpot</texPath>
      <graphicClass>Graphic_Single</graphicClass>
      <drawSize>(1.2)</drawSize>
    </graphicData>
    <altitudeLayer>FloorEmplacement</altitudeLayer>
    <statBases>
      <WorkToBuild>100</WorkToBuild>
      <WorkTableWorkSpeedFactor>1</WorkTableWorkSpeedFactor>
    </statBases>
    <scatterableOnMapGen>false</scatterableOnMapGen>
    <useHitPoints>false</useHitPoints>
    <uiIconScale>1</uiIconScale>
    <size>(1,1)</size>
    <designationCategory>Production</designationCategory>
    <passability>Standable</passability>
    <hasInteractionCell>True</hasInteractionCell>
    <interactionCellOffset>(0,0,-1)</interactionCellOffset>
    <surfaceType>Item</surfaceType>
    <inspectorTabs>
      <li>ITab_Bills</li>
    </inspectorTabs>
    <building>
      <workSpeedPenaltyOutdoors>false</workSpeedPenaltyOutdoors>
      <workSpeedPenaltyTemperature>false</workSpeedPenaltyTemperature>
      <spawnedConceptLearnOpportunity>BillsTab</spawnedConceptLearnOpportunity>
      <canPlaceOverImpassablePlant>false</canPlaceOverImpassablePlant>
      <ai_chillDestination>false</ai_chillDestination>
    </building>
    <terrainAffordanceNeeded>Diggable</terrainAffordanceNeeded>
    <designationHotKey>Misc1</designationHotKey>
    <researchPrerequisites>
      <li>DryadSculpture</li>
    </researchPrerequisites>
  </ThingDef>

  <ThingDef ParentName="BuildingBase">
    <defName>DryadFurnitureSpot</defName>
    <label>dryad furniture spot</label>
    <description>A place to sculpt dryadic themed art furniture. Needs to be in contact with the earth  (diggable ground).</description>
    <thingClass>Building_WorkTable</thingClass>
    <graphicData>
      <texPath>Things/Building/DryadSculptureSpot/DryadFurnitureSpot</texPath>
      <graphicClass>Graphic_Single</graphicClass>
      <drawSize>(1.2)</drawSize>
    </graphicData>
    <altitudeLayer>FloorEmplacement</altitudeLayer>
    <statBases>
      <WorkToBuild>100</WorkToBuild>
      <WorkTableWorkSpeedFactor>1</WorkTableWorkSpeedFactor>
    </statBases>
    <scatterableOnMapGen>false</scatterableOnMapGen>
    <useHitPoints>false</useHitPoints>
    <uiIconScale>1</uiIconScale>
    <size>(1,1)</size>
    <designationCategory>Production</designationCategory>
    <passability>Standable</passability>
    <hasInteractionCell>True</hasInteractionCell>
    <interactionCellOffset>(0,0,-1)</interactionCellOffset>
    <surfaceType>Item</surfaceType>
    <inspectorTabs>
      <li>ITab_Bills</li>
    </inspectorTabs>
    <building>
      <workSpeedPenaltyOutdoors>false</workSpeedPenaltyOutdoors>
      <workSpeedPenaltyTemperature>false</workSpeedPenaltyTemperature>
      <spawnedConceptLearnOpportunity>BillsTab</spawnedConceptLearnOpportunity>
      <canPlaceOverImpassablePlant>false</canPlaceOverImpassablePlant>
      <ai_chillDestination>false</ai_chillDestination>
    </building>
    <terrainAffordanceNeeded>Diggable</terrainAffordanceNeeded>
    <designationHotKey>Misc1</designationHotKey>
    <researchPrerequisites>
      <li>DryadDecorative</li>
    </researchPrerequisites>
  </ThingDef>

  <ThingDef ParentName="BuildingBase">
    <defName>DryadResearchSpot</defName>
    <label>dryad research spot</label>
    <description>A place to research. Needs to be in contact with the earth  (diggable ground).</description>
    <thingClass>Building_ResearchBench</thingClass>
    <graphicData>
      <texPath>Things/Building/DryadRune/DryadMorai</texPath>
      <graphicClass>Graphic_Single</graphicClass>
      <drawSize>(3,3)</drawSize>
      <drawRotated>false</drawRotated>
    </graphicData>
    <altitudeLayer>FloorEmplacement</altitudeLayer>
    <statBases>
      <WorkToBuild>100</WorkToBuild>
      <ResearchSpeedFactor>0.5</ResearchSpeedFactor>
    </statBases>
    <scatterableOnMapGen>false</scatterableOnMapGen>
    <useHitPoints>false</useHitPoints>
    <size>(3,3)</size>
    <uiIconScale>1</uiIconScale>
    <designationCategory>Production</designationCategory>
    <passability>Standable</passability>
    <hasInteractionCell>True</hasInteractionCell>
    <interactionCellOffset>(0,0,-2)</interactionCellOffset>
    <surfaceType>Item</surfaceType>
    <terrainAffordanceNeeded>Diggable</terrainAffordanceNeeded>
    <designationHotKey>Misc1</designationHotKey>
    <building>
      <workSpeedPenaltyOutdoors>false</workSpeedPenaltyOutdoors>
      <workSpeedPenaltyTemperature>false</workSpeedPenaltyTemperature>
    </building>
    <comps>
      <li Class="CompProperties_Forbiddable" />
    </comps>
    <tickerType>Rare</tickerType>
    <researchPrerequisites>
      <li>DryadDryadic</li>
    </researchPrerequisites>
  </ThingDef>

  <!--================================ <ThingDef ParentName="FurnitureWithQualityBase">
    <defName>DryadBasin</defName>
    <label>decorative basin</label>
    <description>A decorative basin for flowers.</description>
    <thingClass>Building_PlantGrower</thingClass>
    <graphicData>
      <texPath>Things/Building/DryadDecorative/DryadBasin</texPath>
      <graphicClass>Graphic_Single</graphicClass>
      <drawSize>(1)</drawSize>
      <drawRotated>false</drawRotated>
      <damageData>
        <rect>(0.2,0.2,0.6,0.6)</rect>
      </damageData>
    </graphicData>
    <altitudeLayer>Building</altitudeLayer>
    <passability>PassThroughOnly</passability>
    <pathCost>40</pathCost>
    <fillPercent>0.50</fillPercent>
    <canOverlapZones>false</canOverlapZones>
    <statBases>
      <WorkToBuild>2800</WorkToBuild>
      <MaxHitPoints>180</MaxHitPoints>
      <Mass>10</Mass>
      <Flammability>0</Flammability>
    </statBases>
    <size>(1,1)</size>
    <stuffCategories>
      <li>Metallic</li>
      <li>Woody</li>
      <li>Stony</li>
    </stuffCategories>
    <costStuffCount>45</costStuffCount>
    <fertility>1.0</fertility>
    <building>
      <defaultPlantToGrow>Dryad_Hibiscus</defaultPlantToGrow>
      <sowTag>Decorative</sowTag>
    </building>
    <tickerType>Rare</tickerType>
    <comps>
      <li Class="CompProperties_Forbiddable"/>
    </comps>
    <researchPrerequisites>
      <li>DryadDecorative</li>
    </researchPrerequisites>
    <constructionSkillPrerequisite>4</constructionSkillPrerequisite>
  </ThingDef> ======================================-->

</Defs>
