<?xml version="1.0" encoding="utf-8" ?>
<Defs>
	<ThingDef ParentName="BuildingBase">
		<defName>DryadCircle</defName>
		<label>dryad circle</label>
		<description>A dryad circle. Here you can craft dryad and dryadic parts. Needs to be in contact with the earth (diggable ground).</description>
    <thingClass>Building_WorkTable</thingClass>
    <graphicData>
      <texPath>Things/Building/DryadRune/DryadRune</texPath>
      <graphicClass>Graphic_Single</graphicClass>
      <drawSize>(3,3)</drawSize>
      <drawRotated>false</drawRotated>
    </graphicData>
    <altitudeLayer>FloorEmplacement</altitudeLayer>
    <statBases>
      <WorkToBuild>1000</WorkToBuild>
      <WorkTableWorkSpeedFactor>1</WorkTableWorkSpeedFactor>
    </statBases>
    <scatterableOnMapGen>false</scatterableOnMapGen>
    <useHitPoints>false</useHitPoints>
    <size>(2,2)</size>
    <uiIconScale>1</uiIconScale>
    <designationCategory>Production</designationCategory>
    <passability>PassThroughOnly</passability>
    <hasInteractionCell>True</hasInteractionCell>
    <interactionCellOffset>(0,0,-1)</interactionCellOffset>
    <surfaceType>Item</surfaceType>
    <inspectorTabs>
      <li>ITab_Bills</li>
    </inspectorTabs>
    <building>
      <workSpeedPenaltyOutdoors>false</workSpeedPenaltyOutdoors>
      <workSpeedPenaltyTemperature>false</workSpeedPenaltyTemperature>
      <spawnedConceptLearnOpportunity>BillsTab</spawnedConceptLearnOpportunity>
      <sowTag>SupportPlantsOnly</sowTag>
      <canPlaceOverImpassablePlant>false</canPlaceOverImpassablePlant>
      <ai_chillDestination>false</ai_chillDestination>
    </building>
    <terrainAffordanceNeeded>Diggable</terrainAffordanceNeeded>
    <researchPrerequisites>
      <li>DryadRunes</li>
    </researchPrerequisites>
  </ThingDef>

</Defs>